ID,Result,Partial results
rqrF6wT2,,
YD0OqGLk,,
n9vR4iD1,"[1, 0]","[[0, 0], [1, 0]]"
QawV3BS7,"[1, 1]","[[0, 1], [1, 0]]"
p4AeKWCl,"[2, 0]","[[1, 0], [1, 0]]"
h6VGREKE,"[2, 0]","[[2, 0], [0, 0]]"
lYOPPhkR,"[0, 0]","[[0, 0], [0, 0]]"
0nNnuYlE,"[0, 1]","[[0, 0], [0, 1]]"
xCpGN5Jt,"[0, 1]","[[0, 1], [0, 0]]"
EFWCSf58,"[0, 2]","[[0, 2], [0, 0]]"
zVKLQYZK,"[2, 2]","[[0, 1], [2, 1]]"
Mcc2WJQb,"[1, 0]","[[0, 0], [1, 0]]"
nu5kZLtt,"[0, 1]","[[0, 1], [0, 0]]"
AJTqExBU,"[3, 1]","[[2, 0], [1, 1]]"
0r9gYudn,"[1, 0]","[[1, 0], [0, 0]]"
jX16Vwt5,"[1, 2]","[[0, 1], [1, 1]]"
UN0AUceB,"[3, 4]","[[1, 4], [2, 0]]"
WSUuFIeO,"[2, 1]","[[1, 0], [1, 1]]"
r7bbXaBh,"[2, 2]","[[1, 1], [1, 1]]"
KtLrkwg1,"[0, 1]","[[0, 1], [0, 0]]"
25QwjJwe,"[3, 1]","[[2, 1], [1, 0]]"
tQfF3kyb,"[1, 1]","[[1, 1], [0, 0]]"
23XT23Jp,"[1, 1]","[[0, 0], [1, 1]]"
00zcgUGq,"[1, 0]","[[0, 0], [1, 0]]"
vB9hvNW3,"[0, 4]","[[0, 3], [0, 1]]"
dnKmu3Hc,"[2, 2]","[[0, 2], [2, 0]]"
vVyvjKVF,"[2, 1]","[[1, 1], [1, 0]]"
hEZRhMoc,"[2, 2]","[[0, 1], [2, 1]]"
0vwzi0G9,"[2, 0]","[[2, 0], [0, 0]]"
hEDdwsnA,"[5, 2]","[[3, 2], [2, 0]]"
IeLqtq2i,"[0, 2]","[[0, 0], [0, 2]]"
t6ME101r,"[2, 0]","[[2, 0], [0, 0]]"
IeROJQYs,"[3, 1]","[[1, 0], [2, 1]]"
Kr6a8aYH,"[0, 2]","[[0, 1], [0, 1]]"
OCt1mGon,"[1, 0]","[[0, 0], [1, 0]]"
YPMxNar3,"[2, 0]","[[1, 0], [1, 0]]"
URMFH0Hr,"[0, 2]","[[0, 2], [0, 0]]"
QgGOFvne,"[1, 0]","[[0, 0], [1, 0]]"
CjCKGKWl,"[1, 1]","[[1, 0], [0, 1]]"
KGFSEb11,"[1, 0]","[[0, 0], [1, 0]]"
Ucq2QCfF,"[0, 1]","[[0, 0], [0, 1]]"
8lr6PW9L,"[2, 1]","[[1, 0], [1, 1]]"
xOnAOjPR,"[4, 0]","[[2, 0], [2, 0]]"
nZgcRhu9,"[3, 0]","[[2, 0], [1, 0]]"
vXYyKAXr,"[1, 1]","[[0, 0], [1, 1]]"
zmdpxJuq,"[2, 4]","[[1, 0], [1, 4]]"
I79ItaXR,"[3, 2]","[[2, 1], [1, 1]]"
UJYio7AE,"[1, 1]","[[0, 0], [1, 1]]"
zLi1Oq31,"[2, 0]","[[0, 0], [2, 0]]"
MFdLTvus,"[3, 1]","[[2, 1], [1, 0]]"
EiYOuFmT,"[3, 0]",
z1ZKteYM,"[3, 2]","[[1, 1], [2, 1]]"
E7MnefmG,"[2, 1]","[[2, 0], [0, 1]]"
pYHrdzY9,"[0, 2]",
ILxpyZep,"[2, 1]","[[1, 0], [1, 1]]"
hbLjfE2M,"[1, 0]","[[1, 0], [0, 0]]"
lnGDDRv2,"[0, 2]","[[0, 0], [0, 2]]"
UZATlLJP,"[1, 1]","[[0, 1], [1, 0]]"
44ykvCKp,"[8, 1]","[[4, 1], [4, 0]]"
nBoSnd3M,"[10, 0]",
nXO1RfSt,"[2, 0]","[[2, 0], [0, 0]]"
Ae1migVJ,"[3, 0]","[[1, 0], [2, 0]]"
ln0ijDpQ,"[1, 0]","[[0, 0], [1, 0]]"
tQCpXXwl,"[1, 3]","[[1, 1], [0, 2]]"
Gr5cUVN6,"[0, 2]","[[0, 0], [0, 2]]"
MscjtsHr,"[1, 0]","[[0, 0], [1, 0]]"
E9w47Xjs,"[3, 2]","[[1, 2], [2, 0]]"
Wf1H3ohf,,
KO3WGHtE,,
jm42A01i,,
6ihhCdtO,"[0, 3]","[[0, 0], [0, 3]]"
G2auFbd5,"[1, 0]","[[0, 0], [1, 0]]"
C8cx7S2L,"[1, 3]","[[1, 1], [0, 2]]"
tr2t6nIR,"[2, 1]","[[0, 0], [2, 1]]"
APbqEIBB,"[1, 2]","[[0, 1], [1, 1]]"
IVLAUwdh,"[2, 3]","[[1, 0], [1, 3]]"
OnoWItct,,"[[0, 1], [1, 0], [0, 2]]"
dGX1WaRu,,"[[0, 0], [1, 1], [1, 0]]"
YHbY78mF,,"[[0, 0], [0, 0], [0, 1]]"
z7W5VJtn,"[0, 3]","[[0, 2], [0, 1]]"
d0qvHKRh,"[3, 0]","[[2, 0], [1, 0]]"
OS2mDxRH,"[3, 2]","[[2, 0], [1, 2]]"
I9pzI0Cn,"[0, 6]","[[0, 4], [0, 2]]"
xC0yGvsa,"[2, 0]","[[0, 0], [2, 0]]"
pridBGeU,,"[[0, 0], [0, 0], [0, 0], [1, 4]]"
48a729KC,"[1, 2]","[[1, 1], [0, 1]]"
rabB1TZI,"[1, 1]","[[0, 1], [1, 0]]"
d2ngQCCJ,,
4AC1zPr7,"[0, 1]","[[0, 1], [0, 0]]"
r1B5ZrbD,"[0, 0]","[[0, 0], [0, 0]]"
tY4MBOva,"[3, 1]","[[1, 1], [2, 0]]"
QsrzDRd8,"[0, 0]","[[0, 0], [0, 0]]"
4YtvCoCE,"[0, 2]","[[0, 1], [0, 1]]"
pWf8fJts,"[2, 0]","[[2, 0], [0, 0]]"
hdbGhcBg,"[4, 0]","[[1, 0], [3, 0]]"
WncKiHQa,"[2, 1]","[[2, 1], [0, 0]]"
SEjTkeeC,"[2, 2]","[[1, 0], [1, 2]]"
MyjXlFAI,"[2, 0]","[[0, 0], [2, 0]]"
lOiPjyt6,"[0, 3]","[[0, 3], [0, 0]]"
KM8zlZPO,"[3, 3]","[[1, 1], [2, 2]]"
MRnJCI2P,"[3, 0]","[[0, 0], [3, 0]]"
OzZp8xBt,"[1, 1]","[[1, 0], [0, 1]]"
hAwk7dQn,"[0, 0]","[[0, 0], [0, 0]]"
W0xg6Gug,"[0, 1]","[[0, 0], [0, 1]]"
WMJd2lFF,"[0, 0]","[[0, 0], [0, 0]]"
nZqgrTNq,"[1, 2]","[[1, 2], [0, 0]]"
jomrzimj,,
4linZA2d,,
hGlnIIR4,"[2, 0]","[[1, 0], [1, 0]]"
ppUYdEf3,,
6gVUcfuc,,
IBstehPF,,
vLrxdY99,,
rHBcZBa3,"[2, 2]","[[0, 1], [2, 1]]"
4QCgzhpc,"[2, 6]","[[1, 3], [1, 3]]"
WjNDVTbS,"[2, 1]","[[2, 0], [0, 1]]"
vq56XkUF,"[1, 1]","[[1, 0], [0, 1]]"
0h62YVE9,"[1, 1]","[[1, 1], [0, 0]]"
Y54AW9qM,"[1, 0]","[[0, 0], [1, 0]]"
ppOFjpnd,"[0, 0]","[[0, 0], [0, 0]]"
IDAo43Ge,"[0, 1]","[[0, 0], [0, 1]]"
46UAA5wS,"[0, 0]","[[0, 0], [0, 0]]"
IkSbD7g9,"[2, 0]","[[0, 0], [2, 0]]"
lv6s5q1k,"[2, 1]","[[1, 0], [1, 1]]"
Wtn0Wqlk,"[1, 1]","[[0, 0], [1, 1]]"
rJUNkYlA,"[1, 0]","[[1, 0], [0, 0]]"
lSwEwJHM,"[0, 0]","[[0, 0], [0, 0]]"
tEhk9PPc,"[0, 0]","[[0, 0], [0, 0]]"
URS5kdg3,"[2, 1]","[[0, 0], [2, 1]]"
OlS9lG89,"[1, 0]","[[0, 0], [1, 0]]"
4Y8RRh1d,"[0, 1]","[[0, 1], [0, 0]]"
vTnHA1fq,"[2, 2]","[[1, 2], [1, 0]]"
Y1bCUMoF,"[6, 0]","[[3, 0], [3, 0]]"
8hjKuB43,"[0, 0]","[[0, 0], [0, 0]]"
8dSsUX0a,"[2, 0]","[[1, 0], [1, 0]]"
0WOZVgWn,"[2, 1]","[[2, 0], [0, 1]]"
vNNwVDog,"[3, 1]","[[2, 0], [1, 1]]"
hp0OGV9O,"[3, 1]","[[1, 1], [2, 0]]"
6ml6uFnP,"[3, 1]","[[2, 1], [1, 0]]"
SduceX0U,"[4, 0]","[[3, 0], [1, 0]]"
hK63GGWu,"[2, 0]","[[1, 0], [1, 0]]"
KWykcgWH,"[1, 0]","[[1, 0], [0, 0]]"
ttwobZGB,"[0, 2]","[[0, 0], [0, 2]]"
lIzm5cKi,"[3, 0]","[[1, 0], [2, 0]]"
W06YozKT,"[1, 1]","[[0, 0], [1, 1]]"
ruzi4HZc,"[0, 1]","[[0, 1], [0, 0]]"
AmiauwOb,"[3, 1]","[[3, 0], [0, 1]]"
xzgisagn,"[0, 1]","[[0, 0], [0, 1]]"
vkzlruvt,"[2, 0]","[[0, 0], [2, 0]]"
OOrQZsvh,"[0, 0]","[[0, 0], [0, 0]]"
hbmUY1gb,"[0, 0]","[[0, 0], [0, 0]]"
67EBGKwU,"[1, 0]","[[0, 0], [1, 0]]"
CbftWawH,"[4, 5]","[[4, 4], [0, 1]]"
pYqMzOOo,"[2, 2]","[[0, 1], [2, 1]]"
pK2y8Inn,"[1, 0]","[[0, 0], [1, 0]]"
UVYMlenO,"[6, 1]","[[3, 0], [3, 1]]"
vs2u7x2h,"[1, 0]","[[0, 0], [1, 0]]"
dMKgABaR,"[1, 2]","[[1, 1], [0, 1]]"
OStgmOOn,"[3, 0]","[[2, 0], [1, 0]]"
dtu1o2ga,"[0, 0]","[[0, 0], [0, 0]]"
t8wUhp1P,"[7, 0]","[[6, 0], [1, 0]]"
2oAY8RCq,"[3, 1]","[[0, 0], [3, 1]]"
O0UBQgrH,"[5, 0]","[[4, 0], [1, 0]]"
x88bsPs0,"[3, 0]","[[2, 0], [1, 0]]"
WdfVjyu3,"[1, 2]","[[0, 1], [1, 1]]"
b7QsFJDD,"[2, 2]","[[1, 2], [1, 0]]"
URYQI1El,"[2, 6]","[[1, 4], [1, 2]]"
KGRwGab7,"[1, 1]","[[1, 0], [0, 1]]"
xhxZGuq1,"[1, 3]","[[1, 0], [0, 3]]"
OlYUHLTf,"[1, 3]","[[0, 2], [1, 1]]"
ph8JNw9d,"[2, 1]","[[1, 1], [1, 0]]"
86mApxnF,,"[[0, 0], [1, 1], [4, 5]]"
pWAwT9Gs,"[0, 3]","[[0, 2], [0, 1]]"
jwROc5jJ,"[0, 9]","[[0, 6], [0, 3]]"
2ZNc7yu0,"[2, 4]","[[1, 1], [1, 3]]"
dOBzNBFQ,"[6, 0]","[[4, 0], [2, 0]]"
dnfND7xD,"[0, 1]","[[0, 1], [0, 0]]"
QHGeBiDg,"[1, 2]","[[1, 1], [0, 1]]"
vLKaABSa,"[6, 2]","[[3, 1], [3, 1]]"
xhl1FQ8q,"[3, 5]","[[2, 3], [1, 2]]"
QDUey8V2,"[1, 3]","[[0, 1], [1, 2]]"
vHYazSp9,"[2, 0]","[[0, 0], [2, 0]]"
Grm5EpOk,"[2, 1]","[[1, 0], [1, 1]]"
MuO4Zo0F,"[0, 0]","[[0, 0], [0, 0]]"
viL1mCJD,"[2, 6]","[[2, 3], [0, 3]]"
hzJkjEZf,"[3, 1]","[[2, 1], [1, 0]]"
6DRweOxK,"[3, 1]","[[1, 1], [2, 0]]"
4AAFeeai,"[3, 0]","[[1, 0], [2, 0]]"
l83XPCSk,"[5, 0]","[[1, 0], [4, 0]]"
pt81VY4S,"[0, 5]","[[0, 0], [0, 5]]"
rmdifx15,"[2, 0]","[[1, 0], [1, 0]]"
SlklPGUa,"[0, 6]","[[0, 6], [0, 0]]"
vwM9sxbh,,
p028jNXI,"[3, 1]","[[1, 0], [2, 1]]"
zyYVq6Lr,"[6, 2]","[[4, 1], [2, 1]]"
CKJALRuq,"[3, 0]","[[2, 0], [1, 0]]"
zsRfZzK8,"[2, 2]","[[1, 1], [1, 1]]"
8vmNRczA,"[4, 1]","[[2, 0], [2, 1]]"
h4rlJkUS,"[1, 1]","[[0, 1], [1, 0]]"
jD9Zoqsm,"[3, 2]","[[3, 0], [0, 2]]"
KGiyGH9m,"[3, 5]","[[0, 3], [3, 2]]"
dvMl1OI1,"[4, 2]","[[3, 0], [1, 2]]"
fwO3hqd6,"[1, 3]","[[1, 0], [0, 3]]"
UB4uEibU,"[4, 2]","[[3, 1], [1, 1]]"
6XuoZzUu,"[2, 7]","[[2, 4], [0, 3]]"
zHqtBlhG,"[7, 0]","[[3, 0], [4, 0]]"
SI2Jykdk,"[5, 1]","[[4, 0], [1, 1]]"
vm7K5ivD,"[3, 1]","[[1, 1], [2, 0]]"
MZAqihRg,"[2, 2]","[[1, 1], [1, 1]]"
xMJ0uUqH,"[3, 1]","[[1, 1], [2, 0]]"
Kzvaxa6L,"[1, 2]","[[0, 1], [1, 1]]"
nPn8RJ2m,"[4, 3]","[[2, 2], [2, 1]]"
xA3OkDoi,"[2, 4]","[[2, 1], [0, 3]]"
S66Ko17N,,
IZs7q4gE,"[3, 4]","[[2, 1], [1, 3]]"
lOkWIFYR,"[5, 0]","[[0, 0], [5, 0]]"
tYtjs6cl,,"[[2, 1], [2, 3], [5, 4]]"
4Gs6iVDP,"[2, 8]","[[0, 3], [2, 5]]"
KY8ufn1c,"[0, 2]","[[0, 1], [0, 1]]"
8K6XS2eP,"[0, 3]","[[0, 2], [0, 1]]"
j3xnAWQO,"[0, 4]","[[0, 1], [0, 3]]"
CGTWLV5g,"[0, 0]","[[0, 0], [0, 0]]"
OYwSrKxQ,"[7, 0]","[[3, 0], [4, 0]]"
be8192y4,"[7, 1]","[[4, 1], [3, 0]]"
tQGwVoYg,"[4, 1]","[[1, 1], [3, 0]]"
A58fR3XI,,
OrJhBtg0,"[1, 1]","[[0, 0], [1, 1]]"
xb3E5RMF,"[1, 6]","[[1, 3], [0, 3]]"
OtjupdSN,"[3, 0]","[[0, 0], [3, 0]]"
r9Ft2LzB,"[1, 5]","[[1, 2], [0, 3]]"
61Jqfwbo,"[4, 3]","[[3, 1], [1, 2]]"
SjEF00aG,"[1, 3]","[[1, 2], [0, 1]]"
jkNWDB78,"[3, 1]","[[2, 0], [1, 1]]"
4hwOKvxj,"[0, 0]",
WGfLCPS7,"[0, 0]",
CEvKEobe,,"[[0, 0], [0, 0], [3, 4]]"
hQeHD5D1,,"[[1, 0], [0, 1], [3, 4]]"
l8sb9Kdd,"[1, 5]","[[0, 3], [1, 2]]"
rBvjBtSq,"[3, 0]","[[2, 0], [1, 0]]"
xUNhV1JF,"[6, 2]","[[3, 2], [3, 0]]"
jDLtY3Zd,"[7, 3]","[[4, 2], [3, 1]]"
QgOzhRk2,"[4, 0]","[[3, 0], [1, 0]]"
EN05x2T9,"[4, 0]","[[1, 0], [3, 0]]"
0Kd1wrE3,"[3, 1]","[[2, 1], [1, 0]]"
jNtKU0IP,"[1, 1]","[[1, 1], [0, 0]]"
8bHZMlaJ,"[5, 2]","[[3, 1], [2, 1]]"
Gj3WHgQa,"[2, 0]","[[1, 0], [1, 0]]"
CYjz5sKb,"[2, 1]","[[0, 0], [2, 1]]"
UsZXmHDl,"[7, 1]","[[3, 1], [4, 0]]"
xY9rYTxc,"[2, 1]","[[1, 0], [1, 1]]"
CAARFgMC,"[1, 2]","[[0, 2], [1, 0]]"
Gv1HxHTP,,
2aseHFYc,"[1, 1]","[[0, 1], [1, 0]]"
hUa4fhRp,"[0, 0]","[[0, 0], [0, 0]]"
8SddqP3a,"[4, 1]","[[1, 0], [3, 1]]"
nJe0rqJ5,"[3, 2]","[[1, 1], [2, 1]]"
AeHbaknK,"[3, 0]","[[2, 0], [1, 0]]"
xt2V49Ug,"[3, 1]","[[1, 1], [2, 0]]"
xfs4J8qm,"[1, 0]","[[1, 0], [0, 0]]"
llciJLN5,,
pGj0HahI,,
ITl8FwNU,,
ANwPAuoh,,
rPDWAJX6,"[3, 1]","[[2, 0], [1, 1]]"
Gzs4CXCE,"[2, 0]","[[1, 0], [1, 0]]"
Eo9Av98K,"[3, 1]","[[1, 0], [2, 1]]"
ShkoY6ol,"[2, 0]","[[0, 0], [2, 0]]"
SCkMsa12,"[2, 3]","[[1, 3], [1, 0]]"
0QmUuwWE,"[1, 3]","[[0, 2], [1, 1]]"
63lQtJG8,"[2, 1]","[[0, 1], [2, 0]]"
GYVBLTpJ,"[2, 1]","[[1, 1], [1, 0]]"
nkQxKVR4,"[1, 2]","[[0, 2], [1, 0]]"
txDtDUb3,"[2, 1]","[[2, 0], [0, 1]]"
lp5THDoO,"[2, 1]","[[0, 0], [2, 1]]"
0OCGKF15,"[2, 0]","[[0, 0], [2, 0]]"
MuppJm8A,"[0, 2]","[[0, 1], [0, 1]]"
UNKcYJDE,"[1, 1]","[[1, 1], [0, 0]]"
SWTIgtbr,"[0, 2]","[[0, 1], [0, 1]]"
UqdYpccK,"[1, 2]","[[0, 1], [1, 1]]"
Mu6FYS7c,"[3, 3]","[[2, 2], [1, 1]]"
GUHgGmRT,"[2, 1]","[[1, 0], [1, 1]]"
df2rgfks,"[2, 0]","[[1, 0], [1, 0]]"
SC5pIMu7,"[1, 0]","[[1, 0], [0, 0]]"
O6XTZWlJ,"[5, 1]","[[2, 1], [3, 0]]"
pfcKfSsq,"[1, 1]","[[1, 0], [0, 1]]"
2VPEbVqA,"[0, 1]","[[0, 1], [0, 0]]"
rRhlrAaT,"[1, 0]","[[0, 0], [1, 0]]"
jFj9329G,,
dbULPBXN,"[2, 1]","[[2, 0], [0, 1]]"
WjqdVF3n,"[1, 2]","[[1, 1], [0, 1]]"
0WzDRX2B,"[3, 2]","[[1, 1], [2, 1]]"
SIx5TgYb,"[1, 1]","[[0, 1], [1, 0]]"
UB6mBKEq,"[2, 0]","[[0, 0], [2, 0]]"
xE7vtomI,"[2, 1]","[[1, 0], [1, 1]]"
YszrD0mD,"[1, 2]","[[0, 1], [1, 1]]"
pKr1SRII,"[2, 1]","[[0, 1], [2, 0]]"
GrRHGT1H,"[3, 0]","[[2, 0], [1, 0]]"
ETqLFmHN,"[4, 0]","[[3, 0], [1, 0]]"
8n3WlyDe,"[6, 2]","[[2, 1], [4, 1]]"
Wl4ckEDq,"[2, 2]","[[1, 1], [1, 1]]"
Au31lYSk,"[1, 1]","[[1, 0], [0, 1]]"
C4NQfzjM,"[0, 1]","[[0, 1], [0, 0]]"
Q7RUgf5S,"[2, 2]","[[1, 1], [1, 1]]"
IsOMeGzG,"[0, 0]","[[0, 0], [0, 0]]"
4GH4mhrd,"[1, 1]","[[0, 1], [1, 0]]"
r7G8nCc2,"[2, 2]","[[1, 2], [1, 0]]"
hYXqm9VB,"[3, 2]","[[1, 2], [2, 0]]"
bJ00Glt0,"[1, 0]","[[1, 0], [0, 0]]"
CrG5DnQI,"[1, 3]","[[0, 1], [1, 2]]"
xdKLlNos,"[2, 0]","[[0, 0], [2, 0]]"
K62izqMO,,
IsIQztGK,"[1, 1]","[[0, 1], [1, 0]]"
zJSLyM0E,"[4, 0]","[[1, 0], [3, 0]]"
4dcmk6P4,"[0, 2]","[[0, 0], [0, 2]]"
Gtb0uggd,"[1, 2]","[[0, 1], [1, 1]]"
4dir4xWd,"[2, 2]","[[1, 0], [1, 2]]"
rmjn3do3,"[0, 3]","[[0, 1], [0, 2]]"
QBui2G09,"[7, 1]","[[3, 0], [4, 1]]"
AchuYZYl,"[1, 3]","[[0, 3], [1, 0]]"
KSqBROPT,"[3, 0]","[[2, 0], [1, 0]]"
thkLq6ub,"[1, 3]","[[0, 1], [1, 2]]"
ALpeFuok,"[3, 1]","[[0, 1], [3, 0]]"
f5Ojfm3n,"[5, 3]","[[3, 2], [2, 1]]"
4xDumWeJ,"[5, 0]","[[2, 0], [3, 0]]"
OMZGOa7O,"[1, 1]","[[1, 1], [0, 0]]"
fmVCPuhI,"[2, 5]","[[0, 3], [2, 2]]"
U3nPSBJu,"[4, 1]","[[1, 1], [3, 0]]"
lEdb4fyk,"[1, 0]","[[0, 0], [1, 0]]"
rinXZe6f,"[1, 0]","[[1, 0], [0, 0]]"
Iye3p0JH,"[0, 7]","[[0, 4], [0, 3]]"
E7fUCN7Q,"[2, 1]","[[1, 0], [1, 1]]"
l0od8sGs,,
jcRWJyKH,"[0, 1]","[[0, 0], [0, 1]]"
Oro8lmP8,"[2, 1]","[[0, 1], [2, 0]]"
IJcTIeZN,"[2, 0]","[[1, 0], [1, 0]]"
YVXxwaKu,"[3, 4]","[[1, 3], [2, 1]]"
dAdXHFlU,"[5, 0]","[[1, 0], [4, 0]]"
rNp071Vm,"[5, 0]","[[4, 0], [1, 0]]"
MDq46Lpf,"[4, 1]","[[2, 0], [2, 1]]"
KAvHnRgL,"[0, 0]","[[0, 0], [0, 0]]"
EXwLoo9R,"[3, 1]","[[2, 0], [1, 1]]"
tKuDm7vF,"[0, 0]","[[0, 0], [0, 0]]"
zypns5Hr,"[1, 0]","[[0, 0], [1, 0]]"
27mrgXNa,"[0, 0]","[[0, 0], [0, 0]]"
4Al104vN,"[4, 2]","[[1, 2], [3, 0]]"
n9KgsPXp,"[3, 2]","[[2, 0], [1, 2]]"
StNA9NZQ,"[2, 0]","[[1, 0], [1, 0]]"
KtPvmf46,"[0, 2]","[[0, 1], [0, 1]]"
CGLWlGZg,"[2, 1]","[[1, 0], [1, 1]]"
pp4K3kFI,"[1, 1]","[[1, 0], [0, 1]]"
feB76iVa,"[0, 6]","[[0, 3], [0, 3]]"
2LEF4VaC,"[0, 4]","[[0, 3], [0, 1]]"
OUFB5Bp6,"[3, 1]","[[2, 0], [1, 1]]"
bm8O29UO,"[3, 1]","[[1, 0], [2, 1]]"
YuNb8D0m,"[3, 0]","[[0, 0], [3, 0]]"
G4C37XFg,"[1, 2]","[[0, 1], [1, 1]]"
M5Jf9gos,"[1, 1]","[[0, 1], [1, 0]]"
8AkKDp1g,"[4, 1]","[[2, 1], [2, 0]]"
GCAuLS8J,"[3, 3]","[[3, 0], [0, 3]]"
f39qKnOP,"[2, 2]","[[1, 0], [1, 2]]"
Qo0FEQom,"[0, 0]","[[0, 0], [0, 0]]"
n1lOC4Ga,"[0, 1]","[[0, 0], [0, 1]]"
CrdBF6Wt,"[1, 0]","[[0, 0], [1, 0]]"
GK44dqWI,"[3, 1]","[[0, 0], [3, 1]]"
GzgSBOV5,"[2, 1]","[[1, 0], [1, 1]]"
j1JVySqq,"[4, 2]","[[3, 0], [1, 2]]"
bRMwz6Ee,"[1, 1]","[[0, 1], [1, 0]]"
6TsaslML,"[1, 4]","[[0, 3], [1, 1]]"
EZ4Qc962,"[2, 2]","[[1, 2], [1, 0]]"
tAvdJup0,"[1, 1]","[[1, 0], [0, 1]]"
I18I0FB6,"[1, 1]","[[0, 0], [1, 1]]"
65g5Gerh,"[1, 6]","[[0, 2], [1, 4]]"
lUrAFFcb,"[1, 0]","[[0, 0], [1, 0]]"
niBUt2kR,"[6, 0]","[[2, 0], [4, 0]]"
GS2OeFG4,"[0, 1]","[[0, 0], [0, 1]]"
tUpcyoVk,"[1, 1]","[[1, 0], [0, 1]]"
buUdMJit,"[1, 0]","[[0, 0], [1, 0]]"
h2T0Lw7n,"[2, 1]","[[2, 0], [0, 1]]"
6cZCxRE2,,
SEUXENMe,,
YiVTF37k,,
65TyEsx2,,
plYGyoU8,,
E7Gd3e1R,"[0, 0]","[[0, 0], [0, 0]]"
Qg4tIbLT,"[4, 0]","[[2, 0], [2, 0]]"
S2j8DITp,"[2, 0]","[[0, 0], [2, 0]]"
IgnJJrcT,,
n9xkEMKj,,
zZYpF25p,,
lr8u2zIP,"[2, 2]","[[1, 2], [1, 0]]"
Wldc9x72,"[2, 1]","[[2, 0], [0, 1]]"
rse1Yj3j,"[2, 0]","[[0, 0], [2, 0]]"
Wdlqczti,"[6, 1]","[[1, 1], [5, 0]]"
0xt0ghuG,"[5, 0]","[[0, 0], [5, 0]]"
Ammmdfec,"[4, 1]","[[1, 0], [3, 1]]"
hCxheEA3,"[0, 0]","[[0, 0], [0, 0]]"
6FtdfYP9,"[1, 0]","[[0, 0], [1, 0]]"
vTv4hCfM,"[3, 2]","[[1, 2], [2, 0]]"
6kB0iW9S,"[1, 1]","[[1, 1], [0, 0]]"
b1wSPDxr,"[0, 2]","[[0, 0], [0, 2]]"
tMj0UgUQ,"[1, 2]","[[0, 0], [1, 2]]"
WtlmfXfJ,"[2, 1]","[[2, 1], [0, 0]]"
2BuZntU9,"[1, 2]","[[1, 0], [0, 2]]"
212WyxzO,"[3, 3]","[[2, 0], [1, 3]]"
b3M6st6n,"[1, 0]","[[0, 0], [1, 0]]"
Us5hhCxe,"[3, 0]","[[1, 0], [2, 0]]"
8v5Jd4sD,"[1, 1]","[[1, 1], [0, 0]]"
pKryFocs,"[2, 3]","[[0, 1], [2, 2]]"
QFFEcpS6,"[1, 3]","[[0, 1], [1, 2]]"
nV3NeOdJ,"[4, 0]","[[1, 0], [3, 0]]"
0n74K7ZJ,"[0, 5]","[[0, 3], [0, 2]]"
vw68JRlQ,"[1, 0]","[[1, 0], [0, 0]]"
bNnuE5Cm,"[1, 2]","[[1, 1], [0, 1]]"
hpnqDPRg,"[3, 0]","[[2, 0], [1, 0]]"
O2D2CReh,"[1, 2]","[[1, 1], [0, 1]]"
jB646cQH,"[1, 2]","[[1, 1], [0, 1]]"
YZe95HuO,"[2, 0]","[[0, 0], [2, 0]]"
CQfD4yeU,"[1, 3]","[[0, 3], [1, 0]]"
ObyJPKQu,"[1, 1]","[[0, 0], [1, 1]]"
fTrXk2IN,"[0, 6]","[[0, 4], [0, 2]]"
GxpTjr3H,"[2, 2]","[[0, 0], [2, 2]]"
OrZ2ptto,"[6, 0]","[[2, 0], [4, 0]]"
8OxFQWEO,"[5, 0]","[[1, 0], [4, 0]]"
MRQdkGiP,"[0, 7]","[[0, 4], [0, 3]]"
rVWNpz0t,"[3, 2]","[[1, 0], [2, 2]]"
dfOUfzAc,"[3, 1]","[[0, 1], [3, 0]]"
pKKQeGfi,,"[[2, 1], [1, 2], [4, 2]]"
zDaJxh1r,"[1, 2]","[[1, 1], [0, 1]]"
WOb2Iuob,"[0, 1]","[[0, 0], [0, 1]]"
ra26Ha04,"[2, 0]","[[0, 0], [2, 0]]"
xM1AGJFA,"[3, 0]","[[2, 0], [1, 0]]"
GC0EFwVG,"[2, 0]","[[1, 0], [1, 0]]"
QD231JZP,"[1, 0]","[[1, 0], [0, 0]]"
67pWdwrs,"[2, 3]","[[1, 1], [1, 2]]"
pbqzdccm,"[0, 1]","[[0, 0], [0, 1]]"
vLrveHCg,"[2, 0]","[[1, 0], [1, 0]]"
0OSEDstm,"[2, 1]","[[1, 1], [1, 0]]"
YJymges6,"[1, 0]","[[0, 0], [1, 0]]"
0UoAIDpB,,
vwWqlJFL,,
AFo8h2sl,"[6, 1]","[[3, 1], [3, 0]]"
Sjd3grSs,"[4, 3]","[[0, 1], [4, 2]]"
QsAybOJQ,"[2, 2]","[[1, 0], [1, 2]]"
UifE11mE,"[1, 1]","[[0, 1], [1, 0]]"
8rgI0L2K,"[2, 10]","[[2, 6], [0, 4]]"
2Dlbu4vt,"[1, 1]","[[1, 0], [0, 1]]"
zRn6wr9h,"[3, 1]","[[0, 0], [3, 1]]"
t4m2vOgn,"[2, 2]","[[0, 1], [2, 1]]"
6XqEvyNJ,"[2, 0]","[[1, 0], [1, 0]]"
O0z41V9k,"[2, 0]","[[0, 0], [2, 0]]"
6PP80kPe,"[3, 0]","[[2, 0], [1, 0]]"
hMJ78rhe,"[2, 0]","[[1, 0], [1, 0]]"
IBon0mN3,"[2, 0]","[[2, 0], [0, 0]]"
nRwz4T71,"[0, 2]","[[0, 1], [0, 1]]"
lYU2S3jJ,"[2, 6]","[[1, 2], [1, 4]]"
nyw2AIWb,"[2, 3]","[[0, 2], [2, 1]]"
xQVE7GGH,"[1, 2]","[[0, 1], [1, 1]]"
W8h51e7Q,"[3, 2]","[[3, 0], [0, 2]]"
l2GrhRfl,"[1, 0]","[[0, 0], [1, 0]]"
OUitYcqK,"[0, 0]","[[0, 0], [0, 0]]"
Y3wCSy7s,"[0, 0]","[[0, 0], [0, 0]]"
4h1eu4SJ,"[0, 1]","[[0, 0], [0, 1]]"
2TtWY15m,"[2, 0]","[[1, 0], [1, 0]]"
xjNRMtf2,"[0, 1]","[[0, 0], [0, 1]]"
ENzCl2Zb,"[0, 1]","[[0, 1], [0, 0]]"
pIDxCjYF,"[5, 0]","[[2, 0], [3, 0]]"
vuDtBAmM,"[3, 0]","[[2, 0], [1, 0]]"
IVBpAU2S,"[0, 3]",
ULi0SQzm,"[2, 2]","[[1, 1], [1, 1]]"
AyBTXnDP,"[1, 0]","[[0, 0], [1, 0]]"
CpceT6Lt,"[1, 0]","[[0, 0], [1, 0]]"
dYMo93zP,"[0, 1]","[[0, 0], [0, 1]]"
OKW8EDUf,"[1, 0]","[[0, 0], [1, 0]]"
2BVCDXq1,"[4, 3]","[[2, 3], [2, 0]]"
zHZezeiE,"[0, 1]",
W2J4ZTOA,"[1, 0]","[[1, 0], [0, 0]]"
EJYijil1,"[0, 0]","[[0, 0], [0, 0]]"
xEkjC8p8,"[0, 2]","[[0, 0], [0, 2]]"
nXWalVID,"[2, 1]","[[1, 1], [1, 0]]"
QH2tcNMD,"[3, 0]","[[1, 0], [2, 0]]"
Sr8akowe,"[0, 1]","[[0, 1], [0, 0]]"
pK24l5h1,"[3, 5]","[[1, 3], [2, 2]]"
OA18mP77,"[1, 1]","[[0, 1], [1, 0]]"
lh9ejRNl,"[1, 0]","[[1, 0], [0, 0]]"
8tYekB37,"[1, 1]","[[1, 1], [0, 0]]"
INsN3ZLg,"[1, 3]","[[1, 0], [0, 3]]"
4KHmkz70,"[0, 2]","[[0, 0], [0, 2]]"
vaTZTnU0,"[1, 0]","[[1, 0], [0, 0]]"
x6oMkUjK,"[0, 3]","[[0, 0], [0, 3]]"
4G1nAyqQ,"[1, 3]","[[0, 2], [1, 1]]"
WSpQll6Q,"[1, 0]","[[0, 0], [1, 0]]"
jyKanYjJ,"[3, 0]","[[2, 0], [1, 0]]"
MelE5eis,"[2, 1]","[[0, 0], [2, 1]]"
YLSwT6q7,"[0, 1]","[[0, 1], [0, 0]]"
bFnIjAyE,"[3, 2]","[[2, 2], [1, 0]]"
CpLemEyD,"[1, 2]","[[1, 2], [0, 0]]"
CCRsSQbD,"[3, 3]","[[2, 1], [1, 2]]"
OxhxyXYq,"[0, 1]","[[0, 0], [0, 1]]"
nD2Ak93b,"[0, 1]","[[0, 0], [0, 1]]"
8SjJmmYA,"[0, 0]","[[0, 0], [0, 0]]"
UyhFlTI4,"[1, 2]","[[0, 0], [1, 2]]"
E1cwz9nE,"[3, 0]","[[1, 0], [2, 0]]"
hhdsZS1K,"[1, 1]","[[0, 0], [1, 1]]"
6NSqecR1,,
GhAzIKYE,,
QmDdahGr,"[1, 1]","[[0, 1], [1, 0]]"
vDS1dj01,,
lSLU3Y7R,,
rLwM4Yv2,,"[[1, 1], [0, 0], [5, 4]]"
zFQ7SyX8,"[4, 0]","[[1, 0], [3, 0]]"
OvaeJXge,"[1, 0]","[[0, 0], [1, 0]]"
W4baIi91,"[1, 2]","[[0, 0], [1, 2]]"
WSvrCGnS,"[2, 0]","[[1, 0], [1, 0]]"
2PAnLgPr,"[0, 3]","[[0, 0], [0, 3]]"
KzxAEJdo,"[0, 0]","[[0, 0], [0, 0]]"
v3yOuhNT,,
GG2ocNfn,"[2, 1]","[[1, 1], [1, 0]]"
YFZuMdup,"[4, 2]","[[2, 1], [2, 1]]"
roHWrKnc,"[3, 0]","[[0, 0], [3, 0]]"
SxZqLGfj,"[4, 0]","[[1, 0], [3, 0]]"
OMVvbUyq,"[3, 1]","[[1, 0], [2, 1]]"
MeAbIbNc,"[3, 1]","[[2, 0], [1, 1]]"
pxKmd86e,"[2, 0]","[[2, 0], [0, 0]]"
zNYnqSpI,"[0, 2]","[[0, 1], [0, 1]]"
Gf3sNdoD,"[1, 1]","[[1, 1], [0, 0]]"
Uc7oMG0J,"[0, 1]","[[0, 0], [0, 1]]"
Sdqw0S96,"[0, 1]","[[0, 0], [0, 1]]"
82ukZmeq,"[2, 0]","[[1, 0], [1, 0]]"
xKhNwUnS,"[0, 0]","[[0, 0], [0, 0]]"
UHTcXRPe,"[2, 3]","[[1, 1], [1, 2]]"
vPOutFAO,"[2, 1]","[[1, 1], [1, 0]]"
viuuCRBe,,
rPoWDmsq,,
UF0WCqAl,"[0, 1]","[[0, 0], [0, 1]]"
AVJaI5nR,"[5, 2]","[[2, 2], [3, 0]]"
OEHmL728,"[4, 0]","[[1, 0], [3, 0]]"
SGLXBiam,"[2, 0]",
EDHTCXqs,"[3, 0]","[[0, 0], [3, 0]]"
6RdYGkCP,"[2, 0]",
CItAkIxm,"[3, 0]","[[2, 0], [1, 0]]"
vBV5ayI6,"[2, 0]","[[0, 0], [2, 0]]"
AmPWN4BQ,"[1, 1]","[[1, 0], [0, 1]]"
feLfXx8r,"[0, 2]","[[0, 1], [0, 1]]"
2HYjEI2d,"[2, 0]","[[1, 0], [1, 0]]"
zBvOxapL,"[0, 1]","[[0, 0], [0, 1]]"
rDBwxMf3,,
I3Pava1J,"[0, 1]","[[0, 0], [0, 1]]"
zP5UY6jG,"[0, 2]","[[0, 1], [0, 1]]"
tAfYmV9F,"[0, 4]","[[0, 2], [0, 2]]"
fgdQkiu3,"[0, 5]","[[0, 1], [0, 4]]"
IRNnFVOG,"[2, 1]","[[1, 0], [1, 1]]"
0295SfHN,"[3, 0]","[[1, 0], [2, 0]]"
na51Tz2H,"[1, 0]","[[0, 0], [1, 0]]"
buOx75d4,"[3, 0]","[[0, 0], [3, 0]]"
f7Ho5qRG,"[0, 0]","[[0, 0], [0, 0]]"
t4Ds6PBA,"[3, 3]","[[3, 2], [0, 1]]"
lUGk43tN,"[0, 3]","[[0, 0], [0, 3]]"
SKFg3NeT,"[1, 1]","[[1, 1], [0, 0]]"
OdQ3L4Bc,"[1, 2]","[[0, 0], [1, 2]]"
nHKDfyY8,"[2, 1]","[[1, 0], [1, 1]]"
8QL9eHI2,"[3, 0]","[[1, 0], [2, 0]]"
z7lQr6Qf,"[0, 1]","[[0, 0], [0, 1]]"
lAhUsQu1,"[0, 3]","[[0, 2], [0, 1]]"
rXiYtpe7,"[3, 0]","[[0, 0], [3, 0]]"
MNjxt4AD,"[2, 1]","[[1, 0], [1, 1]]"
84zOfZXi,"[0, 0]","[[0, 0], [0, 0]]"
hG69yCXT,"[6, 0]","[[3, 0], [3, 0]]"
UDyKeFIo,"[0, 1]","[[0, 1], [0, 0]]"
S8cyXVuo,"[2, 0]","[[2, 0], [0, 0]]"
AgC4mq6o,"[1, 0]","[[1, 0], [0, 0]]"
8vV7n3Li,"[1, 3]","[[1, 0], [0, 3]]"
21UBoNzb,"[2, 1]","[[2, 1], [0, 0]]"
thTFpsj4,"[1, 6]","[[0, 2], [1, 4]]"
Ekgcqni8,"[3, 0]","[[1, 0], [2, 0]]"
hth1r66E,"[0, 2]","[[0, 1], [0, 1]]"
MBf92QgA,"[4, 4]","[[2, 2], [2, 2]]"
hbHtpIwq,"[3, 1]","[[2, 1], [1, 0]]"
GYgD1p9G,,
x6PZabbG,"[2, 1]","[[1, 0], [1, 1]]"
fszV0vqA,"[4, 3]","[[1, 1], [3, 2]]"
INwz4oq6,"[1, 4]","[[1, 3], [0, 1]]"
WQsv35bC,"[1, 1]","[[1, 1], [0, 0]]"
nsjvq9t5,"[6, 1]","[[2, 0], [4, 1]]"
h6ohk5Fb,,
xh4IxU9M,"[1, 1]","[[1, 0], [0, 1]]"
6HswyfSs,"[1, 0]","[[0, 0], [1, 0]]"
8zPLYrvl,"[1, 3]",
Wdt5tkQT,"[1, 0]","[[1, 0], [0, 0]]"
jwRFjPt7,"[2, 0]",
xKANSITd,"[0, 1]","[[0, 1], [0, 0]]"
d6zjYiC0,"[2, 0]",
xhSWRRDf,"[1, 3]","[[0, 2], [1, 1]]"
zcZgXBR6,"[2, 0]","[[2, 0], [0, 0]]"
2XlGfHmb,"[2, 0]","[[1, 0], [1, 0]]"
0lY2gRdl,"[1, 1]","[[0, 1], [1, 0]]"
WQXL7AhD,"[1, 0]","[[0, 0], [1, 0]]"
xjsTiFXG,"[3, 1]","[[1, 1], [2, 0]]"
WGWrXWHj,"[0, 2]","[[0, 2], [0, 0]]"
EPmjfuYQ,"[0, 1]","[[0, 1], [0, 0]]"
dIUciuNl,"[1, 0]","[[0, 0], [1, 0]]"
OMsxeS9h,"[1, 2]","[[1, 1], [0, 1]]"
rg5IJ9RM,"[2, 1]","[[1, 0], [1, 1]]"
lMMT4UJ7,"[2, 1]","[[2, 0], [0, 1]]"
tzEhQrKB,,
lOyLn4JD,"[0, 2]","[[0, 1], [0, 1]]"
6ir5mOXj,"[1, 1]","[[1, 0], [0, 1]]"
hYTbWVtD,"[2, 1]","[[1, 1], [1, 0]]"
WOS2VkdJ,"[3, 1]","[[2, 1], [1, 0]]"
lfCGlDds,"[5, 2]","[[2, 1], [3, 1]]"
6e4ZBmSD,"[2, 2]","[[1, 1], [1, 1]]"
r9HKBb37,"[2, 0]","[[1, 0], [1, 0]]"
8hdtaWvp,"[3, 1]","[[0, 1], [3, 0]]"
pC4YY8Ym,"[0, 3]","[[0, 1], [0, 2]]"
W4d9fKP1,"[2, 2]","[[1, 0], [1, 2]]"
rDZmgglQ,"[3, 0]","[[0, 0], [3, 0]]"
IBLmh999,"[0, 1]","[[0, 1], [0, 0]]"
KKkiJ322,"[2, 0]","[[1, 0], [1, 0]]"
pSGpfZYJ,"[4, 2]","[[2, 0], [2, 2]]"
bBleINH8,"[1, 1]","[[1, 0], [0, 1]]"
GMPeAou4,"[1, 3]","[[1, 1], [0, 2]]"
rL9OiZWf,"[0, 1]","[[0, 0], [0, 1]]"
zy6vBN22,,"[[0, 0], [1, 1], [3, 4]]"
rokgQ6mo,"[1, 4]","[[0, 2], [1, 2]]"
vT47imMu,"[1, 2]","[[1, 1], [0, 1]]"
nJ5lGXtn,"[1, 0]","[[1, 0], [0, 0]]"
EVMQhXtd,"[1, 0]","[[0, 0], [1, 0]]"
Yiee9KC0,"[0, 0]","[[0, 0], [0, 0]]"
0YegCkAc,"[1, 0]","[[0, 0], [1, 0]]"
IuwNodod,"[0, 1]","[[0, 0], [0, 1]]"
SQ2tlLra,"[0, 1]","[[0, 0], [0, 1]]"
pjTykjQo,"[1, 2]","[[0, 2], [1, 0]]"
MXHdnvQ1,"[2, 3]","[[1, 1], [1, 2]]"
nwQ60XXn,"[2, 0]","[[2, 0], [0, 0]]"
d2KiiTOF,"[5, 1]","[[2, 1], [3, 0]]"
2J5wL4rK,"[3, 0]","[[1, 0], [2, 0]]"
INwXLgnc,"[4, 3]","[[3, 0], [1, 3]]"
lfYwmSVn,"[3, 0]","[[1, 0], [2, 0]]"
ER4rAsI8,"[2, 0]","[[2, 0], [0, 0]]"
StomfN7R,"[0, 0]","[[0, 0], [0, 0]]"
OtSulAuh,"[5, 1]","[[3, 0], [2, 1]]"
t4yJFDZu,"[3, 0]","[[3, 0], [0, 0]]"
QuyKiyr5,"[1, 0]","[[0, 0], [1, 0]]"
r9942huB,"[1, 0]","[[1, 0], [0, 0]]"
YZFE770r,"[2, 0]","[[0, 0], [2, 0]]"
4pwNzQhF,"[3, 0]","[[2, 0], [1, 0]]"
4EzgYTIa,"[1, 3]","[[1, 1], [0, 2]]"
Qq7kBFvB,,
Iq3bKwvk,"[2, 0]","[[1, 0], [1, 0]]"
Auslirs6,"[2, 3]",
zgo6o4i1,"[0, 2]","[[0, 1], [0, 1]]"
EqpApO67,"[4, 3]","[[4, 0], [0, 3]]"
xpMJVUFL,"[4, 4]","[[1, 2], [3, 2]]"
Q9IFWA0F,"[0, 0]","[[0, 0], [0, 0]]"
2awh97q8,,
vJX0kOwU,"[2, 4]","[[2, 1], [0, 3]]"
Iq3B9ROo,"[2, 5]","[[1, 4], [1, 1]]"
0v7yjuS3,"[0, 1]","[[0, 0], [0, 1]]"
pzciAJWg,"[2, 1]","[[2, 0], [0, 1]]"
6iKcrQlL,"[2, 1]","[[1, 1], [1, 0]]"
2ot5Bhgl,"[2, 1]","[[0, 0], [2, 1]]"
vV5ukasA,"[2, 0]","[[1, 0], [1, 0]]"
zH750IMB,"[0, 8]","[[0, 5], [0, 3]]"
OINq6cH8,"[6, 0]","[[2, 0], [4, 0]]"
IuNm5HWE,"[3, 0]","[[2, 0], [1, 0]]"
WrRi4ynL,"[2, 0]","[[1, 0], [1, 0]]"
pSOu7w22,"[5, 2]","[[3, 1], [2, 1]]"
84AqlJdG,"[2, 3]","[[1, 2], [1, 1]]"
GG2ObF9r,"[0, 1]","[[0, 0], [0, 1]]"
MX9HcG6U,"[0, 3]","[[0, 1], [0, 2]]"
AiHRcZOl,"[1, 4]","[[0, 2], [1, 2]]"
IecJWpz3,"[1, 0]","[[1, 0], [0, 0]]"
MB470UpC,"[0, 2]","[[0, 0], [0, 2]]"
faszH8s6,"[3, 0]","[[0, 0], [3, 0]]"
vw0LWvir,"[2, 1]","[[1, 1], [1, 0]]"
YktvGSdC,"[2, 3]","[[1, 1], [1, 2]]"
88031AV5,"[6, 0]","[[2, 0], [4, 0]]"
vyJlm5h5,"[2, 1]","[[0, 1], [2, 0]]"
IeN3Wmsg,"[0, 1]","[[0, 1], [0, 0]]"
SCurFnCI,"[3, 2]","[[0, 1], [3, 1]]"
67vOwsDn,"[4, 0]",
I1KgtitE,"[9, 2]","[[4, 1], [5, 1]]"
GdtBH73D,"[2, 2]","[[2, 2], [0, 0]]"
bLNbLznb,"[2, 5]","[[1, 2], [1, 3]]"
x6s7Iml7,"[4, 3]","[[2, 1], [2, 2]]"
ngUg6gIQ,"[5, 1]","[[4, 0], [1, 1]]"
QRN1vVAQ,"[6, 2]","[[2, 1], [4, 1]]"
hUP9b6Qo,"[1, 2]","[[0, 1], [1, 1]]"
W4OcuBeK,"[1, 0]","[[1, 0], [0, 0]]"
8UDhmKAe,"[6, 0]","[[2, 0], [4, 0]]"
ITbPVb6l,"[1, 2]","[[0, 2], [1, 0]]"
tflMlyoN,"[2, 1]","[[1, 1], [1, 0]]"
jRKPcY1A,"[3, 0]","[[0, 0], [3, 0]]"
vu7Pme0T,"[0, 0]","[[0, 0], [0, 0]]"
QchB9V0M,"[2, 3]","[[1, 3], [1, 0]]"
0KC8V7da,"[0, 2]","[[0, 1], [0, 1]]"
Iy54jjfp,"[0, 1]","[[0, 0], [0, 1]]"
v7ZkoeI4,"[1, 1]","[[1, 0], [0, 1]]"
llRZObae,"[1, 2]","[[1, 0], [0, 2]]"
6PLvOIE1,,"[[0, 1], [1, 0], [3, 5]]"
tjxd8RbE,"[2, 3]","[[2, 0], [0, 3]]"
GI5xW0La,"[54, 85]","[[24, 43], [30, 42]]"
zq8leT6P,"[80, 102]","[[35, 50], [45, 52]]"
CtctVfh7,"[65, 71]","[[33, 34], [32, 37]]"
OG0pUE7D,"[84, 56]","[[45, 29], [39, 27]]"
xKlShbpE,"[81, 69]","[[35, 37], [46, 32]]"
GAmWiIaK,"[91, 73]","[[42, 33], [49, 40]]"
YoryixFQ,"[71, 79]","[[36, 41], [35, 38]]"
zeU2ndNs,"[84, 71]","[[40, 37], [44, 34]]"
rTXcXM9O,"[81, 55]","[[43, 27], [38, 28]]"
WrRud6nP,"[79, 93]","[[40, 61], [39, 32]]"
MDqkZruC,"[57, 76]","[[35, 35], [22, 41]]"
bu8xLX24,"[52, 84]","[[22, 42], [30, 42]]"
dtkQT7pq,"[95, 70]","[[52, 43], [43, 27]]"
4xZgY2fI,"[80, 75]","[[45, 41], [35, 34]]"
SIUbhVIq,"[94, 80]","[[57, 38], [37, 42]]"
zZlneLIK,"[83, 65]","[[45, 26], [38, 39]]"
drd7tG4K,"[57, 81]","[[25, 37], [32, 44]]"
48eBuzKQ,"[68, 57]","[[33, 25], [35, 32]]"
zmSpf390,,"[[34, 41], [48, 41], [15, 12]]"
QuJFAwPb,"[76, 92]","[[41, 43], [35, 49]]"
jLBUNHZe,"[114, 58]","[[53, 29], [61, 29]]"
W0OKABg2,"[70, 93]","[[43, 48], [27, 45]]"
p2cdyxJm,"[65, 73]","[[31, 34], [34, 39]]"
WtEVFgll,"[63, 88]","[[37, 43], [26, 45]]"
Q3DZED3f,"[97, 103]","[[54, 49], [43, 54]]"
I5YLJueb,"[85, 73]","[[42, 29], [43, 44]]"
pIPxGcfN,"[90, 94]","[[52, 44], [38, 50]]"
lWTHKLuh,"[87, 76]","[[44, 37], [43, 39]]"
0A9bcUXD,"[52, 88]","[[20, 40], [32, 48]]"
6iQew9tr,"[96, 72]","[[51, 25], [45, 47]]"
prPaxTel,"[82, 68]","[[40, 39], [42, 29]]"
QVyfovok,"[82, 74]","[[36, 36], [46, 38]]"
joRfwlnC,"[80, 87]","[[32, 51], [48, 36]]"
xhxBAoRQ,"[80, 108]","[[40, 65], [40, 43]]"
jaIo4q4f,"[90, 80]","[[41, 45], [49, 35]]"
rZEw65Zs,"[74, 88]","[[46, 43], [28, 45]]"
MPDs5Pll,"[98, 82]","[[47, 41], [51, 41]]"
UkHk33J0,"[82, 88]","[[46, 52], [36, 36]]"
Y3XDUcVq,"[64, 82]","[[30, 42], [34, 40]]"
OnLR81Tm,"[60, 90]","[[23, 50], [37, 40]]"
2wKV7Lrf,"[75, 102]","[[37, 50], [38, 52]]"
WCOZ6ub0,"[60, 87]","[[38, 50], [22, 37]]"
b159NBv3,"[110, 124]","[[62, 62], [48, 62]]"
vDM6MVg9,"[96, 90]","[[36, 42], [60, 48]]"
Mi0Ha2mk,"[105, 104]","[[53, 51], [52, 53]]"
O4KLMSAj,"[72, 83]","[[36, 52], [36, 31]]"
rLw4qjI3,"[66, 64]","[[33, 27], [33, 37]]"
UytGtl2M,,"[[46, 46], [39, 39], [16, 12]]"
AsE4qVrK,,
fB5qqaKT,"[74, 69]","[[39, 27], [35, 42]]"
Yyyf325o,"[77, 54]","[[39, 24], [38, 30]]"
QBTKfVIr,"[105, 76]","[[55, 35], [50, 41]]"
YJLhidCj,"[83, 64]","[[45, 29], [38, 35]]"
8zJPgkYl,,"[[33, 34], [34, 33], [2, 3]]"
nN9zGuki,"[73, 48]","[[33, 22], [40, 26]]"
6kZ11tzb,"[79, 62]","[[33, 38], [46, 24]]"
QD8vFa4c,"[70, 59]","[[41, 31], [29, 28]]"
2HSAaK4A,"[68, 93]","[[39, 48], [29, 45]]"
0ppUoAgf,"[76, 71]","[[37, 28], [39, 43]]"
dCwwplO6,"[92, 70]","[[41, 32], [51, 38]]"
ILvZpU80,"[73, 74]","[[40, 36], [33, 38]]"
jZxsq8wD,"[101, 76]","[[54, 46], [47, 30]]"
4dJyumOJ,"[53, 72]","[[24, 42], [29, 30]]"
Yc835nX0,"[68, 55]","[[37, 29], [31, 26]]"
Aa3OEjAE,"[80, 60]","[[40, 34], [40, 26]]"
barxKonf,"[74, 55]","[[39, 30], [35, 25]]"
4M2SDAPK,"[72, 68]","[[30, 38], [42, 30]]"
GMc846n7,"[72, 41]","[[34, 19], [38, 22]]"
GzwsJ510,"[72, 79]","[[39, 37], [33, 42]]"
fRyoIPG6,"[72, 79]","[[36, 36], [36, 43]]"
rmIuv7wQ,"[63, 65]","[[38, 26], [25, 39]]"
fDdC3Q1D,"[78, 52]","[[40, 29], [38, 23]]"
llykHqWC,"[63, 56]","[[35, 34], [28, 22]]"
rD1WCUvR,"[60, 68]","[[30, 40], [30, 28]]"
ns6i8lmr,"[56, 44]","[[25, 28], [31, 16]]"
rTkfS9vE,"[43, 64]","[[21, 31], [22, 33]]"
8dxKLMjD,"[62, 68]","[[36, 36], [26, 32]]"
U5wGM2y7,"[81, 96]","[[44, 52], [37, 44]]"
MwqWSwbt,"[90, 64]","[[49, 25], [41, 39]]"
pEL2p6TD,"[85, 86]","[[48, 45], [37, 41]]"
G0rzScDn,"[96, 72]","[[38, 32], [58, 40]]"
SznvRHSh,"[92, 82]","[[45, 40], [47, 42]]"
pz3PBdoc,"[112, 85]","[[58, 39], [54, 46]]"
ABc0kYVT,,"[[39, 35], [33, 37], [13, 7]]"
p4lSphvo,"[110, 63]","[[67, 20], [43, 43]]"
b7xA9yHo,"[90, 77]","[[51, 38], [39, 39]]"
xbyE8eWi,"[95, 85]","[[48, 37], [47, 48]]"
A1j3N5zd,"[74, 64]","[[51, 31], [23, 33]]"
fVBYxozq,"[93, 65]","[[38, 33], [55, 32]]"
lhk7MPk2,"[71, 91]","[[33, 48], [38, 43]]"
lhBxx5kk,"[56, 57]","[[27, 29], [29, 28]]"
jHiXcnC8,"[76, 67]","[[29, 36], [47, 31]]"
Ec1Myde6,"[83, 91]","[[32, 44], [51, 47]]"
U7jyc6RE,"[85, 70]","[[52, 38], [33, 32]]"
hl0QzGAC,"[80, 85]","[[39, 38], [41, 47]]"
2JidlgM3,"[53, 72]","[[34, 39], [19, 33]]"
bBOnfS4G,"[79, 78]","[[37, 42], [42, 36]]"
WOMfh6ZS,"[81, 96]","[[45, 50], [36, 46]]"
x2NjgnKM,"[73, 86]","[[37, 40], [36, 46]]"
0E1kSW66,"[76, 44]","[[37, 20], [39, 24]]"
j5a0ei6C,"[70, 67]","[[30, 33], [40, 34]]"
6a2E4eqQ,"[86, 85]","[[43, 40], [43, 45]]"
bcsgcDy0,"[78, 51]","[[37, 22], [41, 29]]"
YTl5fBLI,"[76, 82]","[[35, 43], [41, 39]]"
2VmpaZ6m,"[69, 73]","[[37, 38], [32, 35]]"
IRyS61A3,"[97, 91]","[[49, 45], [48, 46]]"
buzfuY3F,"[100, 81]","[[56, 36], [44, 45]]"
t4PbvhJL,"[77, 84]","[[52, 37], [25, 47]]"
C6Iuz2d1,"[98, 74]","[[59, 43], [39, 31]]"
jcHqZLB7,"[80, 69]","[[47, 32], [33, 37]]"
C4H9vKFj,"[81, 70]","[[35, 44], [46, 26]]"
0SbzdqJK,"[90, 75]","[[47, 37], [43, 38]]"
buMsjuwj,"[83, 70]","[[44, 44], [39, 26]]"
KCu7jNtr,,
jebL7HHb,"[90, 77]","[[35, 45], [55, 32]]"
CrQokahd,"[84, 74]","[[41, 45], [43, 29]]"
Q5Oml0ek,"[77, 91]","[[32, 46], [45, 45]]"
6T7w0Vyi,"[87, 98]","[[38, 42], [49, 56]]"
EV2ve3YQ,"[80, 85]","[[40, 41], [40, 44]]"
b3vBksdl,"[63, 88]","[[30, 40], [33, 48]]"
KfO2wCYR,"[93, 101]","[[44, 59], [49, 42]]"
CnGUYVtq,"[80, 67]","[[38, 35], [42, 32]]"
SE0Sc5l8,"[80, 76]","[[37, 37], [43, 39]]"
p8UCn6Wc,"[82, 77]","[[45, 42], [37, 35]]"
006pGPcs,"[82, 85]","[[42, 36], [40, 49]]"
65aWdP3E,"[59, 93]","[[29, 46], [30, 47]]"
lty4lS1o,"[64, 69]","[[33, 39], [31, 30]]"
2qu8mnHi,"[64, 80]","[[38, 45], [26, 35]]"
Yw85aUQo,"[73, 72]","[[38, 31], [35, 41]]"
KfAHdSA4,"[88, 85]","[[45, 42], [43, 43]]"
8S6pHDRu,"[81, 75]","[[42, 33], [39, 42]]"
t4BDc8eb,,
O4xO7sec,"[71, 80]","[[32, 37], [39, 43]]"
0pfrrTeB,"[73, 66]","[[36, 28], [37, 38]]"
UBM8eAYB,"[90, 68]","[[50, 31], [40, 37]]"
zkN4djJ5,"[85, 70]","[[44, 37], [41, 33]]"
Marit7QN,"[90, 80]","[[32, 44], [58, 36]]"
r9qmsmBH,"[70, 86]","[[36, 50], [34, 36]]"
0WUiahZn,"[88, 77]","[[36, 36], [52, 41]]"
vNTebClg,"[75, 72]","[[33, 41], [42, 31]]"
A1YJ8Nui,"[86, 71]","[[51, 34], [35, 37]]"
UPseuRuU,"[74, 87]","[[41, 42], [33, 45]]"
MoJ0cW3a,"[78, 88]","[[35, 38], [43, 50]]"
WYTMzolo,"[62, 75]","[[32, 45], [30, 30]]"
bkRktanj,,
ban3AxJm,"[58, 82]","[[36, 53], [22, 29]]"
WhGd2Gu5,"[87, 72]","[[48, 39], [39, 33]]"
4pXYrSvp,"[67, 60]","[[38, 28], [29, 32]]"
naVdqnGi,"[89, 56]","[[47, 29], [42, 27]]"
AqF01zeB,"[44, 107]","[[20, 54], [24, 53]]"
SK950fAH,"[57, 70]","[[31, 32], [26, 38]]"
xjo79dYg,"[42, 106]","[[21, 54], [21, 52]]"
vNBy3mWF,"[69, 64]","[[38, 34], [31, 30]]"
CAzss69d,"[84, 61]","[[50, 30], [34, 31]]"
EFEP5knc,"[98, 51]","[[50, 31], [48, 20]]"
h6DT4913,"[45, 59]","[[17, 29], [28, 30]]"
UNK1r6Vc,"[58, 118]","[[22, 56], [36, 62]]"
zk5p1R0S,"[77, 63]","[[44, 25], [33, 38]]"
Mo1t27oM,"[66, 99]","[[37, 45], [29, 54]]"
EgVz5uuG,"[61, 54]","[[33, 28], [28, 26]]"
v35BXY0F,"[76, 61]","[[38, 37], [38, 24]]"
dIzW5LP9,"[69, 55]","[[36, 21], [33, 34]]"
6TwFl1Bf,"[58, 72]","[[27, 44], [31, 28]]"
hpUv4afM,"[81, 59]","[[46, 37], [35, 22]]"
n7Tr3J9S,,
pKxJmLQ0,"[64, 66]","[[38, 35], [26, 31]]"
bVUl8gHO,"[77, 52]","[[39, 24], [38, 28]]"
KvWp9Z1I,"[66, 56]","[[41, 18], [25, 38]]"
xW4MenQA,"[68, 58]","[[40, 31], [28, 27]]"
QugX5ZKL,"[68, 75]","[[33, 33], [35, 42]]"
4Wiy5gzS,"[36, 72]","[[23, 36], [13, 36]]"
SjrE2L4P,"[7, 1]","[[3, 0], [0, 1], [4, 0]]"
OMTqcaSn,"[1, 4]","[[0, 0], [0, 3], [1, 1]]"
UaUubuDt,"[3, 4]","[[0, 2], [0, 0], [3, 2]]"
Iqe6sI8E,"[8, 5]","[[1, 2], [4, 3], [3, 0]]"
pbXHxTMn,"[2, 3]","[[0, 0], [0, 1], [2, 2]]"
jZ4i7P9m,"[1, 6]","[[0, 2], [0, 2], [1, 2]]"
YHOKConQ,"[0, 4]","[[0, 2], [0, 1], [0, 1]]"
b1yMymxg,"[3, 5]","[[1, 1], [1, 1], [1, 3]]"
hOzQz7ia,"[2, 1]","[[1, 0], [0, 0], [1, 1]]"
MPaTAzvL,"[7, 2]","[[3, 0], [1, 0], [3, 2]]"
6cy05E1r,,"[[0, 0], [0, 0], [0, 0], [0, 1]]"
0GbX9fgR,"[1, 0]","[[1, 0], [0, 0], [0, 0]]"
b5g73hWf,"[8, 4]","[[3, 0], [3, 3], [2, 1]]"
4rf34YGl,,"[[0, 0], [0, 0], [0, 0], [1, 0]]"
xdhB2Co1,"[2, 3]","[[1, 2], [1, 0], [0, 1]]"
YNoK0jGD,"[1, 3]","[[0, 1], [1, 0], [0, 2]]"
0hYxpdEB,,"[[1, 0], [0, 1], [2, 2], [2, 1]]"
vqXtqGTH,,"[[3, 2], [1, 1], [1, 2], [2, 0]]"
dKRorzqO,,"[[1, 0], [0, 0], [1, 2], [2, 0]]"
zBQksfbU,"[4, 1]","[[1, 0], [2, 1], [1, 0]]"
EHZnBYCA,"[3, 2]","[[0, 1], [2, 0], [1, 1]]"
CW1e2wUu,"[4, 0]","[[0, 0], [1, 0], [3, 0]]"
O65a1cqn,"[3, 5]","[[0, 3], [2, 1], [1, 1]]"
tlsNB3Cg,"[2, 5]","[[1, 1], [0, 3], [1, 1]]"
fgQpViDE,"[2, 5]","[[0, 2], [2, 0], [0, 3]]"
zivFDPss,"[4, 5]","[[0, 0], [3, 3], [1, 2]]"
nRsJCqcm,"[1, 2]","[[0, 1], [1, 0], [0, 1]]"
KvtRANRa,"[0, 3]","[[0, 1], [0, 1], [0, 1]]"
Szl94Gu7,"[5, 1]","[[1, 0], [3, 0], [1, 1]]"
6RnD3zeD,"[5, 7]","[[1, 3], [1, 3], [3, 1]]"
fsteSJXD,,"[[1, 2], [1, 1], [1, 0], [0, 0], [1, 2]]"
d2ruKReb,,"[[2, 0], [1, 1], [0, 2], [1, 0]]"
8xnqJoB4,,
j1ylI5QA,,
xIw0F3AT,"[1, 5]","[[0, 1], [1, 1], [0, 3]]"
UizhHPuH,"[1, 0]","[[0, 0], [1, 0], [0, 0]]"
bRvdGqeN,"[3, 6]","[[2, 2], [0, 2], [1, 2]]"
raGSANIp,"[3, 1]","[[1, 0], [1, 1], [1, 0]]"
d2KW9sYj,"[4, 2]","[[2, 1], [0, 0], [2, 1]]"
6LoofvTg,"[3, 4]","[[2, 1], [0, 2], [1, 1]]"
MBlcixDC,"[5, 3]","[[1, 2], [1, 0], [3, 1]]"
0d0lgbr0,"[4, 3]","[[2, 0], [2, 3], [0, 0]]"
vmahhIc6,"[3, 1]","[[2, 0], [0, 0], [1, 1]]"
Sv2RGbfp,"[4, 0]","[[2, 0], [2, 0], [0, 0]]"
SGNrPMn4,"[1, 2]","[[0, 1], [1, 1], [0, 0]]"
AaFaLvnT,,"[[1, 1], [1, 1], [0, 0], [0, 0], [1, 2]]"
6V0VFI9j,"[5, 1]","[[2, 0], [1, 1], [2, 0]]"
EXLjN0HG,"[1, 4]","[[0, 1], [0, 2], [1, 1]]"
zsNnOt2A,"[1, 3]","[[1, 1], [0, 1], [0, 1]]"
ddBeMKWM,,"[[1, 0], [0, 1], [1, 1], [0, 0], [1, 0]]"
4GicMmsa,,"[[0, 0], [0, 0], [1, 1], [1, 0]]"
jXg9JoRH,"[4, 3]","[[2, 1], [1, 1], [1, 1]]"
Mi2hNTRh,"[6, 3]","[[1, 1], [2, 1], [3, 1]]"
IJe1L7d5,"[1, 3]","[[0, 0], [1, 1], [0, 2]]"
Cte5KRBB,,"[[0, 0], [0, 0], [1, 1], [0, 0], [3, 2]]"
6sDw2Jep,"[0, 3]","[[0, 0], [0, 1], [0, 2]]"
lfbTIPIn,"[2, 1]","[[2, 0], [0, 0], [0, 1]]"
SpcXHqYh,"[6, 2]","[[0, 0], [4, 0], [2, 2]]"
A9nxH3ma,"[4, 2]","[[0, 1], [2, 1], [2, 0]]"
OCjtGN25,"[5, 2]","[[3, 1], [1, 1], [1, 0]]"
SU0mug9B,"[5, 0]","[[0, 0], [2, 0], [3, 0]]"
6LaivDOH,,"[[0, 0], [1, 1], [0, 0], [1, 0]]"
0raewXwO,"[5, 1]","[[1, 0], [1, 0], [3, 1]]"
Eo3axigU,,"[[2, 0], [0, 1], [0, 1], [1, 0]]"
IaT9dfvn,"[4, 3]","[[2, 0], [1, 1], [1, 2]]"
v9U5czPu,"[1, 5]","[[1, 1], [0, 2], [0, 2]]"
0SEs8ivR,"[2, 7]","[[0, 2], [0, 2], [2, 3]]"
lhmVbm1D,"[0, 7]","[[0, 3], [0, 1], [0, 3]]"
69iA3Bnr,,"[[1, 1], [2, 2], [2, 2], [0, 0], [2, 1]]"
2eyDNWwE,"[6, 0]","[[2, 0], [3, 0], [1, 0]]"
pxOkW1ME,,"[[0, 2], [1, 0], [1, 0], [0, 0], [2, 1]]"
vaNgVLyL,"[3, 0]","[[0, 0], [1, 0], [2, 0]]"
IkMcUuiR,"[3, 0]","[[0, 0], [0, 0], [3, 0]]"
MJQIPaar,"[2, 3]","[[1, 0], [0, 1], [1, 2]]"
0APMOJEl,"[2, 1]","[[1, 1], [1, 0], [0, 0]]"
fXOQNwUf,"[2, 1]","[[0, 1], [2, 0], [0, 0]]"
8zTUMcq1,"[2, 1]","[[0, 0], [1, 0], [1, 1]]"
MaGOAIID,"[2, 3]","[[0, 2], [0, 1], [2, 0]]"
GImxCSEm,"[2, 1]","[[1, 0], [1, 0], [0, 1]]"
dY65HliQ,,"[[1, 0], [1, 4], [2, 0], [0, 0], [1, 2]]"
OK8cJAMD,"[6, 5]","[[2, 1], [3, 2], [1, 2]]"
2B71IUyK,"[0, 4]","[[0, 0], [0, 3], [0, 1]]"
YgbXC8as,"[2, 3]","[[0, 2], [1, 0], [1, 1]]"
j9uyKY8N,"[7, 3]","[[2, 1], [1, 2], [4, 0]]"
2q7kIs48,"[0, 3]","[[0, 1], [0, 0], [0, 2]]"
URI9ygpQ,"[2, 1]","[[1, 1], [0, 0], [1, 0]]"
dx3lUAx0,,"[[2, 0], [0, 1], [0, 1], [1, 0]]"
jyK5xZUJ,,"[[1, 0], [0, 0], [0, 1], [0, 1]]"
0A9uWW7m,,"[[2, 2], [2, 2], [1, 1], [0, 1]]"
MJAyXChs,"[4, 5]","[[0, 2], [1, 1], [3, 2]]"
rZbpVjNg,"[2, 1]","[[0, 0], [2, 0], [0, 1]]"
4Sa75AmB,"[6, 0]","[[3, 0], [3, 0], [0, 0]]"
A5MYLVXi,,
bVIUMBIo,,"[[1, 1], [2, 1], [0, 1], [1, 0]]"
QslG3lIN,,"[[0, 0], [0, 0], [1, 1], [0, 0], [0, 1]]"
dQvnbSuo,"[5, 2]","[[1, 0], [3, 1], [1, 1]]"
fHhK28XT,"[4, 2]","[[1, 1], [2, 1], [1, 0]]"
nikC4U2H,"[3, 2]","[[2, 1], [0, 0], [1, 1]]"
lGyJbl6G,"[3, 4]","[[1, 1], [0, 3], [2, 0]]"
Mg5MaUjA,,"[[0, 1], [3, 2], [0, 0], [0, 0], [0, 2]]"
zw3A2W6i,"[2, 1]","[[2, 0], [0, 0], [0, 1]]"
lt7E1jMc,"[7, 4]","[[0, 3], [3, 0], [4, 1]]"
r36I0Ay4,"[1, 3]","[[1, 2], [0, 1], [0, 0]]"
S6zNc8LM,"[0, 1]","[[0, 1], [0, 0], [0, 0]]"
MTZQdSzT,,"[[1, 0], [0, 0], [1, 2], [1, 0]]"
4nKKkVID,,"[[1, 0], [0, 1], [0, 0], [1, 0]]"
8Kp1bNMD,"[2, 3]","[[1, 1], [0, 2], [1, 0]]"
0IPuiuFm,"[7, 1]","[[2, 0], [2, 0], [3, 1]]"
nBq5csxK,"[0, 3]","[[0, 0], [0, 3], [0, 0]]"
Gpl9d1iQ,"[5, 3]","[[1, 2], [2, 0], [2, 1]]"
IgzyhLas,"[1, 3]","[[1, 1], [0, 0], [0, 2]]"
l6zKM6OE,"[2, 1]","[[1, 0], [1, 0], [0, 1]]"
rs9JRThi,"[1, 3]","[[0, 1], [1, 0], [0, 2]]"
dpDNQm8c,,"[[2, 1], [0, 1], [0, 0], [1, 0]]"
A9SSNohG,"[4, 3]","[[1, 2], [2, 1], [1, 0]]"
j7CRP7N3,"[6, 2]","[[1, 1], [3, 1], [2, 0]]"
zoovWaYg,"[3, 4]","[[1, 0], [2, 3], [0, 1]]"
I9zqVJm0,"[4, 2]","[[2, 0], [2, 0], [0, 2]]"
d0ZnUw36,,"[[0, 0], [1, 1], [1, 1], [0, 0], [3, 2]]"
URnfSHXI,"[0, 2]","[[0, 1], [0, 0], [0, 1]]"
WWQxi1AJ,"[2, 3]","[[1, 1], [1, 1], [0, 1]]"
jyljTcIC,"[3, 4]","[[1, 0], [1, 2], [1, 2]]"
pzVtjLPP,"[1, 3]","[[0, 0], [0, 3], [1, 0]]"
bHydKEZt,"[6, 0]","[[2, 0], [3, 0], [1, 0]]"
ChVnJc3e,"[2, 1]","[[0, 0], [1, 1], [1, 0]]"
UTPiIHI1,"[6, 1]","[[1, 1], [3, 0], [2, 0]]"
KdkiWa5k,"[2, 4]","[[0, 0], [2, 2], [0, 2]]"
SMhaUwz2,"[2, 6]","[[0, 1], [1, 2], [1, 3]]"
EJleVJKe,"[1, 5]","[[0, 3], [1, 0], [0, 2]]"
t6jmXujq,"[2, 0]","[[0, 0], [1, 0], [1, 0]]"
URWsgNC2,"[0, 7]","[[0, 3], [0, 3], [0, 1]]"
hSxYMMf9,"[7, 3]","[[1, 1], [3, 1], [3, 1]]"
jLiwKKvS,"[3, 0]","[[0, 0], [0, 0], [3, 0]]"
CUhZK0PL,"[5, 2]","[[2, 0], [1, 1], [2, 1]]"
WIyxMtAF,"[2, 5]","[[1, 2], [0, 0], [1, 3]]"
vov13l1p,"[3, 5]","[[1, 2], [2, 2], [0, 1]]"
Iyw528Gj,"[1, 3]","[[0, 0], [0, 2], [1, 1]]"
b3dDWSmK,"[3, 6]","[[1, 2], [0, 3], [2, 1]]"
tSoIVn3Q,"[3, 1]","[[1, 0], [1, 0], [1, 1]]"
YqLiQB8c,"[4, 2]","[[1, 0], [0, 0], [3, 2]]"
fgMmRigi,"[3, 5]","[[0, 2], [1, 2], [2, 1]]"
S6KePVN3,"[0, 1]","[[0, 0], [0, 1], [0, 0]]"
MBYtPS30,"[1, 2]","[[0, 0], [0, 0], [1, 2]]"
SzKwQ8lf,"[5, 2]","[[1, 0], [3, 2], [1, 0]]"
02XpOnJ6,"[6, 1]","[[4, 0], [1, 1], [1, 0]]"
rRMkN6YC,,"[[0, 0], [0, 1], [2, 1], [0, 0], [0, 1]]"
dUQgMQmJ,"[4, 2]","[[0, 1], [3, 1], [1, 0]]"
AXEyoAQJ,"[1, 0]","[[0, 0], [1, 0], [0, 0]]"
lODupUuQ,"[5, 3]","[[4, 0], [0, 3], [1, 0]]"
UHe8ulls,"[1, 2]","[[1, 0], [0, 0], [0, 2]]"
88fCv83m,"[3, 4]","[[0, 2], [0, 2], [3, 0]]"
2VgGwSIg,,"[[2, 0], [0, 2], [1, 1], [0, 0], [2, 3]]"
tWoVWeAN,"[3, 1]","[[0, 1], [1, 0], [2, 0]]"
pWhksD3m,"[2, 7]","[[0, 2], [0, 2], [2, 3]]"
Gv1JFczP,"[4, 5]","[[3, 1], [1, 2], [0, 2]]"
jHT9wGpM,,"[[0, 1], [1, 0], [1, 1], [0, 0], [2, 1]]"
IgrGGwLI,,"[[0, 0], [2, 0], [0, 2], [1, 0]]"
MuUuXb5a,"[2, 3]","[[1, 0], [1, 2], [0, 1]]"
zqYqWIK5,"[3, 1]","[[1, 0], [1, 1], [1, 0]]"
Usk1vsDP,"[2, 1]","[[1, 0], [1, 0], [0, 1]]"
SIUyYvjg,"[4, 1]","[[3, 0], [1, 1], [0, 0]]"
lSVXYKzm,"[3, 1]","[[2, 1], [1, 0], [0, 0]]"
WjyTZ0Lt,"[2, 0]","[[0, 0], [1, 0], [1, 0]]"
rFK0SzKU,"[5, 4]","[[2, 2], [1, 0], [2, 2]]"
KAlpuavK,"[2, 4]","[[1, 1], [0, 2], [1, 1]]"
tKkttuPD,,"[[0, 1], [2, 0], [0, 1], [1, 0]]"
h4dbHenD,"[3, 5]","[[2, 2], [1, 0], [0, 3]]"
2ZwkvJgQ,"[2, 1]","[[0, 1], [2, 0], [0, 0]]"
xSUGZx2s,"[0, 7]","[[0, 2], [0, 1], [0, 4]]"
AJBm05kI,,"[[0, 1], [1, 1], [2, 1], [1, 0]]"
WjVB0Z0b,"[2, 7]","[[0, 1], [0, 4], [2, 2]]"
vgGiaP4O,"[5, 0]","[[1, 0], [3, 0], [1, 0]]"
MZAtSrNf,"[4, 1]","[[1, 0], [3, 1], [0, 0]]"
pzJ8nD89,"[1, 5]","[[0, 1], [1, 2], [0, 2]]"
jDJ4mgg3,,"[[1, 0], [1, 1], [1, 2], [1, 0]]"
OQHCoXNF,"[3, 2]","[[1, 1], [0, 0], [2, 1]]"
lMCYT4hr,"[2, 3]","[[0, 0], [1, 3], [1, 0]]"
SCBxTO7l,"[2, 1]","[[2, 0], [0, 1], [0, 0]]"
zqKJn5pI,"[3, 7]","[[1, 1], [2, 2], [0, 4]]"
MaIyyHLG,,
AwOC4gOM,"[4, 2]","[[2, 1], [0, 1], [2, 0]]"
nLQubi1j,"[4, 2]","[[0, 1], [3, 0], [1, 1]]"
WnP85Z8G,"[1, 0]","[[0, 0], [0, 0], [1, 0]]"
OML07ev4,"[2, 4]","[[0, 3], [1, 0], [1, 1]]"
jkuA3DwT,,"[[0, 0], [1, 0], [2, 3], [0, 0], [0, 1]]"
hbRyaXop,,"[[0, 0], [1, 1], [0, 0], [1, 0]]"
xQP46FgA,"[3, 1]","[[1, 0], [1, 1], [1, 0]]"
bDk4UB15,"[5, 3]","[[3, 0], [0, 2], [2, 1]]"
W0bmYg2t,,"[[1, 1], [0, 0], [0, 0], [0, 1]]"
fuqDSkWH,"[4, 0]","[[1, 0], [2, 0], [1, 0]]"
KMj0Vina,"[3, 0]","[[2, 0], [1, 0], [0, 0]]"
QaidWXWh,,"[[1, 1], [0, 0], [1, 1], [0, 0], [1, 0]]"
Glp9TVGB,,"[[0, 0], [0, 0], [1, 1], [1, 0]]"
EPmhXDHn,,"[[2, 0], [0, 4], [3, 1], [0, 0], [1, 5]]"
Q37K3p0E,"[1, 5]","[[1, 0], [0, 4], [0, 1]]"
ru2P24FK,"[10, 1]","[[3, 0], [4, 0], [3, 1]]"
OrcZd58I,"[4, 3]","[[2, 0], [0, 2], [2, 1]]"
dz0VpQ2E,,"[[1, 3], [2, 1], [1, 0], [0, 1]]"
jBEYqpIK,"[3, 2]","[[1, 2], [0, 0], [2, 0]]"
U1Dxq4XQ,"[7, 0]","[[3, 0], [1, 0], [3, 0]]"
zqj5vOur,"[2, 5]","[[1, 1], [0, 2], [1, 2]]"
r9gDx2Af,"[1, 6]","[[1, 1], [0, 4], [0, 1]]"
lnf9wrel,"[5, 2]","[[1, 1], [0, 0], [4, 1]]"
CbEwhAVO,"[0, 3]","[[0, 0], [0, 2], [0, 1]]"
C2xcqpkt,"[2, 4]","[[0, 0], [2, 2], [0, 2]]"
Q5t1r44n,"[4, 1]","[[1, 0], [1, 1], [2, 0]]"
8UV5sOJh,"[4, 7]","[[2, 5], [1, 1], [1, 1]]"
nLU9trZb,"[3, 1]","[[0, 0], [0, 1], [3, 0]]"
tdqDu2l5,"[4, 1]","[[2, 0], [2, 0], [0, 1]]"
KnrHvM3B,"[0, 6]","[[0, 2], [0, 3], [0, 1]]"
2BXLwtJH,"[7, 4]","[[4, 2], [1, 1], [2, 1]]"
Em0kMDmp,"[0, 8]","[[0, 4], [0, 0], [0, 4]]"
8AagLX2j,"[4, 6]","[[1, 1], [1, 2], [2, 3]]"
n1bcKiId,"[1, 8]","[[0, 3], [0, 5], [1, 0]]"
OUg2Gvhr,"[4, 2]","[[0, 1], [2, 0], [2, 1]]"
6k7zLKqR,,
bmnFDxx1,"[1, 3]","[[0, 0], [0, 1], [1, 2]]"
xYc6Fb7l,"[3, 5]","[[0, 4], [3, 0], [0, 1]]"
KdmBEIMf,"[7, 2]",
tG9FSXBE,"[2, 1]","[[6, 4], [5, 7], [10, 7]]"
xr3OQBtR,"[2, 0]","[[6, 2], [6, 1]]"
8QgfLk4l,"[1, 2]","[[7, 5], [3, 6], [7, 10]]"
dbY9Hg81,"[0, 2]","[[611, 7], [3, 6]]"
x846MQx8,"[1, 2]","[[7, 64], [4, 6], [3, 6]]"
fkCisYmn,"[2, 0]","[[7, 62], [6, 4]]"
8MFCKYs1,"[0, 2]","[[4, 6], [3, 6]]"
2qynZXdf,"[0, 2]","[[3, 6], [4, 6]]"
8AkCecYi,"[1, 2]","[[4, 6], [7, 67], [3, 6]]"
fNPQQfnp,,"[[6, 4], [4, 1]]"
6J4O2IMe,"[2, 0]","[[6, 4], [6, 4]]"
hEynqRQb,"[0, 2]","[[3, 6], [2, 6]]"
jybYluji,"[2, 1]","[[6, 4], [4, 6], [7, 65]]"
8xhiKiZ0,"[1, 2]","[[3, 6], [7, 5], [4, 6]]"
tMATjEmC,"[0, 2]","[[5, 7], [2, 6]]"
CfCojVy1,"[0, 2]","[[3, 6], [64, 7]]"
IgKifiED,"[2, 0]","[[6, 4], [6, 3]]"
bkPzJGZ8,"[2, 1]","[[5, 7], [6, 1], [6, 4]]"
lWBQtbeQ,"[0, 2]","[[3, 6], [5, 7]]"
ve59Jvf9,"[1, 2]","[[4, 6], [6, 3], [2, 6]]"
SvUfzjZn,"[2, 0]","[[6, 1], [6, 3]]"
GbuywzX1,"[2, 0]","[[6, 4], [6, 4]]"
dYYumEe2,"[2, 0]","[[6, 3], [6, 4]]"
xhdpo7m5,"[2, 0]","[[7, 65], [6, 3]]"
MRW21det,"[2, 0]","[[6, 1], [6, 3]]"
tCLFuLHM,"[2, 1]","[[6, 4], [4, 6], [7, 5]]"
vszzfWgU,"[2, 1]","[[6, 3], [4, 6], [6, 4]]"
zHTFxcNO,"[2, 0]","[[6, 2], [6, 1]]"
84bUeKNn,"[2, 0]","[[7, 5], [6, 3]]"
E1u7vJhC,,
drpony3b,"[0, 2]","[[4, 6], [1, 6]]"
OWMc1t0P,"[1, 2]","[[7, 63], [3, 6], [2, 6]]"
6yxatuOa,,
p8tsmHmh,"[0, 2]","[[3, 6], [1, 6]]"
Qu9Pd08t,"[1, 2]","[[6, 4], [4, 6], [5, 7]]"
dQUBww8I,"[1, 2]","[[6, 1], [4, 6], [3, 6]]"
0by3uaw6,"[2, 1]","[[6, 3], [4, 6], [6, 1]]"
2qFEVevo,"[1, 2]","[[6, 4], [2, 6], [66, 7]]"
KOBkyIGN,"[2, 0]","[[6, 2], [6, 1]]"
Uk70gaWi,"[2, 0]","[[6, 4], [6, 4]]"
0zTnzxWT,"[2, 0]","[[7, 5], [6, 4]]"
nBDswvnB,"[0, 2]","[[3, 6], [2, 6]]"
dfQvdUeU,"[0, 2]","[[4, 6], [66, 7]]"
I3RzcAtO,"[2, 1]","[[4, 6], [7, 65], [6, 2]]"
p8INChym,"[0, 2]","[[3, 6], [5, 7]]"
KEMVSJOT,"[2, 1]","[[6, 3], [5, 7], [7, 5]]"
S0Lgq6ZE,"[0, 2]","[[5, 7], [66, 7]]"
rNb4j2Kp,"[2, 0]","[[6, 1], [6, 1]]"
hzZH8jw7,"[0, 2]","[[2, 6], [2, 6]]"
rTF5qNiU,"[2, 0]","[[6, 2], [6, 1]]"
ABZ37JbA,"[0, 2]","[[2, 6], [4, 6]]"
WvufRNzn,,"[[4, 6], [6, 3], [3, 0]]"
QqTKQfvb,,"[[6, 4], [5, 4]]"
K66gAZgH,"[1, 2]","[[7, 5], [5, 7], [2, 6]]"
C0VWNhOG,"[2, 1]","[[2, 6], [6, 3], [6, 4]]"
l8VchaJ6,"[0, 2]","[[3, 6], [4, 6]]"
2qTIDYLt,"[2, 0]","[[7, 65], [6, 3]]"
8f1PU7PD,"[2, 0]","[[6, 0], [6, 1]]"
046WKJrq,,
IVw3MrS1,"[0, 2]","[[5, 7], [2, 6]]"
6uESi1ci,"[2, 1]","[[64, 7], [7, 66], [6, 1]]"
6RGP3nZl,"[2, 0]","[[6, 4], [6, 2]]"
6smSGXUC,"[2, 0]","[[6, 4], [7, 5]]"
rm8FwOkS,"[2, 0]","[[7, 64], [6, 2]]"
KjSYJFn2,"[2, 1]","[[5, 7], [6, 3], [7, 63]]"
Uur3JTY0,"[1, 2]","[[6, 4], [62, 7], [9, 11]]"
Ek3r92fg,"[0, 2]","[[62, 7], [4, 6]]"
n3uIgRlT,,
Sx9Z0BMp,"[0, 2]","[[2, 6], [1, 6]]"
pnR4UjaC,"[2, 0]","[[7, 64], [7, 5]]"
zuSxnwzA,"[1, 2]","[[1, 6], [7, 69], [9, 11]]"
WzJZ7J4r,"[2, 0]","[[6, 4], [6, 3]]"
pvNw7wKl,"[2, 0]","[[6, 3], [7, 5]]"
8r17ELRE,"[2, 0]","[[7, 5], [6, 4]]"
S2Cr6cZf,"[0, 2]","[[3, 6], [2, 6]]"
Ui23F1C8,"[0, 2]","[[64, 7], [4, 6]]"
h69p3o8c,"[2, 0]","[[6, 3], [7, 60]]"
ljYRY907,"[0, 2]","[[3, 6], [4, 6]]"
WYPchJIP,"[1, 2]","[[3, 6], [6, 2], [3, 10]]"
v3R70GAn,"[0, 2]","[[3, 6], [4, 6]]"
46by0ZDn,"[0, 2]","[[1, 6], [4, 6]]"
nHlhsuFC,,"[[6, 4], [5, 3]]"
CKm9gVzP,"[2, 0]","[[6, 1], [6, 3]]"
KIM8ZyXG,"[2, 0]","[[6, 3], [6, 3]]"
birPIB0t,"[0, 2]","[[1, 6], [3, 6]]"
dCDgnP7B,"[0, 2]","[[5, 7], [3, 6]]"
nsC9blth,"[2, 1]","[[6, 3], [5, 7], [12, 10]]"
ELFAea53,"[2, 0]","[[7, 63], [6, 4]]"
80fICRX9,"[0, 2]","[[3, 6], [5, 7]]"
zuxWcjRH,"[0, 2]","[[2, 6], [4, 6]]"
2RDdvEmB,"[2, 0]","[[6, 0], [6, 3]]"
no8gyLrR,"[0, 2]","[[66, 7], [3, 6]]"
tWm8MakH,"[1, 2]","[[3, 6], [6, 3], [6, 10]]"
GbDmrEYu,"[2, 0]","[[7, 62], [6, 0]]"
EiShuCIb,"[0, 2]","[[2, 6], [4, 6]]"
rejyYEhr,"[0, 2]","[[5, 7], [4, 6]]"
4AAcLMjn,,
hjXep442,"[0, 2]","[[66, 7], [5, 7]]"
OER07oEK,"[2, 0]","[[7, 62], [6, 0]]"
xplfZtvi,"[2, 0]","[[6, 3], [6, 3]]"
fye7719G,"[2, 0]","[[7, 61], [7, 69]]"
QNozICeE,"[2, 0]","[[7, 64], [6, 4]]"
2qFGJhc7,"[2, 0]","[[6, 3], [6, 3]]"
OvXZpMxN,"[1, 2]","[[4, 6], [7, 61], [4, 6]]"
fauJl4wb,"[1, 2]","[[6, 3], [3, 6], [2, 6]]"
hOxteqff,"[2, 1]","[[7, 5], [66, 7], [7, 5]]"
tUj5ZFm0,"[2, 1]","[[4, 6], [7, 67], [6, 3]]"
lh55bNMS,"[0, 2]","[[3, 6], [2, 6]]"
Yoj46TKn,"[2, 0]","[[6, 2], [6, 1]]"
OU5nRybp,"[0, 2]","[[3, 6], [1, 6]]"
UBhmVCx1,"[2, 0]","[[6, 4], [6, 2]]"
ITpi7ClP,"[0, 2]","[[4, 6], [5, 7]]"
p8Agl96D,"[2, 1]","[[3, 6], [6, 3], [6, 3]]"
U1TI1J92,"[2, 0]","[[6, 3], [6, 2]]"
hb9DIb9F,"[1, 2]","[[7, 64], [4, 6], [64, 7]]"
nykzT2ZR,"[0, 2]","[[2, 6], [4, 6]]"
IFZTCH2g,"[1, 2]","[[6, 2], [65, 7], [62, 7]]"
QTKkqyKS,"[2, 0]","[[6, 2], [6, 2]]"
rPJ4PazS,"[2, 0]","[[6, 1], [6, 2]]"
SQje3lV0,"[2, 0]","[[6, 4], [6, 2]]"
S2zR0ARh,"[2, 0]","[[7, 5], [6, 3]]"
thR5yuti,,"[[3, 6], [6, 4], [2, 0]]"
jcF0vHFE,"[1, 2]","[[3, 6], [6, 3], [3, 6]]"
Wp4OT8S6,"[2, 0]","[[6, 4], [6, 3]]"
nFPqkttq,,"[[3, 0]]"
rRhGb8FO,"[0, 2]","[[4, 6], [0, 6]]"
GGWxiLNq,"[2, 0]","[[6, 2], [6, 3]]"
xp0K3b7k,"[2, 0]","[[7, 69], [6, 1]]"
0KWANuzB,"[2, 1]","[[0, 6], [7, 66], [6, 3]]"
YmkrGjQQ,"[0, 2]","[[4, 6], [5, 7]]"
KAYDPRYd,"[1, 2]","[[6, 4], [2, 6], [2, 6]]"
IuH0L0Pd,"[1, 2]","[[6, 3], [5, 7], [3, 6]]"
nqXLLQL8,"[1, 2]","[[7, 5], [3, 6], [64, 7]]"
fcjvHWAK,"[2, 0]","[[6, 3], [6, 1]]"
vZozxQGR,"[2, 1]","[[4, 6], [6, 3], [6, 4]]"
b510zdYg,,"[[0, 6], [2, 2]]"
4vpDBfwR,"[2, 0]","[[6, 1], [7, 62]]"
rLNUxj4P,"[0, 2]","[[3, 6], [3, 6]]"
MejKbGJF,"[2, 0]","[[6, 1], [7, 66]]"
vPj0795t,"[0, 2]","[[2, 6], [65, 7]]"
xY9jQeDj,"[2, 0]","[[6, 2], [6, 0]]"
zo9g8zIc,"[2, 0]","[[6, 1], [7, 5]]"
4fU6YWV2,"[2, 1]","[[5, 7], [7, 5], [6, 2]]"
8fJVqoHk,"[1, 2]","[[4, 6], [6, 3], [1, 6]]"
dnpjXd9G,"[1, 2]","[[3, 6], [6, 3], [0, 6]]"
pA3S1xx2,"[2, 0]","[[7, 5], [6, 4]]"
dYCfYQJ9,,"[[6, 4], [3, 6], [1, 4]]"
OdUUPE1j,"[2, 0]","[[6, 3], [7, 65]]"
hEwaVzvT,"[1, 2]","[[4, 6], [6, 3], [9, 11]]"
CfM3MfDl,"[2, 1]","[[7, 64], [3, 6], [10, 6]]"
GQJeQp29,"[2, 0]","[[6, 3], [6, 4]]"
nFsBQLE2,"[2, 0]","[[7, 5], [6, 4]]"
tQWzyuc5,,
MN68gu7n,"[0, 2]","[[4, 6], [2, 6]]"
0E5ChaMh,"[2, 1]","[[4, 6], [6, 3], [10, 2]]"
j3bPkc6B,"[2, 1]","[[5, 7], [6, 2], [10, 4]]"
fV51a37M,"[0, 2]","[[1, 6], [4, 6]]"
6VSbZ9lg,"[1, 2]","[[7, 65], [63, 7], [12, 14]]"
6ZIAj8Oi,"[0, 2]","[[1, 6], [611, 7]]"
MuEl25N3,"[2, 0]","[[6, 2], [6, 3]]"
lECPmwRt,"[2, 0]","[[6, 2], [6, 2]]"
MT1VZko1,"[2, 0]","[[6, 4], [6, 4]]"
GhfFJZpf,"[1, 2]","[[6, 2], [3, 6], [11, 13]]"
roTAXjo9,,"[[4, 1]]"
hjwqUKBK,"[0, 2]","[[63, 7], [3, 6]]"
4IhTQMHt,"[2, 1]","[[4, 6], [6, 2], [10, 8]]"
EXqiNFTb,"[0, 2]","[[4, 6], [5, 7]]"
fmNsa2Kk,"[0, 2]","[[4, 6], [4, 6]]"
4jA3PMOe,,"[[0, 1]]"
UZl2pO0L,"[2, 1]","[[5, 7], [7, 5], [10, 3]]"
b9g6qrGR,"[2, 0]","[[6, 1], [6, 0]]"
8K0gnpW8,"[1, 2]","[[6, 3], [4, 6], [7, 10]]"
IJu6Ntck,"[2, 1]","[[6, 1], [4, 6], [10, 7]]"
MTX6OLK4,"[2, 0]","[[6, 4], [6, 4]]"
tdmllE3m,"[0, 2]","[[3, 6], [2, 6]]"
GIalcA9d,"[2, 0]","[[6, 4], [6, 4]]"
YZyzFIbq,,
QsfsDdTe,,
21CJlng4,"[0, 2]","[[4, 6], [4, 6]]"
0WCh1PxA,"[2, 0]","[[7, 66], [6, 4]]"
v1UZJzlD,"[2, 1]","[[6, 2], [5, 7], [10, 3]]"
lb8FkSwb,"[0, 2]","[[4, 6], [5, 7]]"
vL0ljBVs,"[2, 1]","[[3, 6], [6, 3], [10, 6]]"
6g5fYxAd,"[2, 0]","[[7, 66], [6, 3]]"
E9eh33hi,"[0, 2]","[[5, 7], [2, 6]]"
xrNOomma,"[0, 2]","[[3, 6], [1, 6]]"
G2m255yS,"[2, 1]","[[0, 6], [6, 4], [10, 7]]"
tGqnE6RO,"[2, 1]","[[6, 3], [3, 6], [10, 6]]"
pU9dY9Ct,"[2, 0]","[[6, 3], [6, 3]]"
jiCAo1Kc,"[1, 2]","[[4, 6], [7, 62], [3, 6]]"
KCytWLKA,"[0, 2]","[[4, 6], [4, 6]]"
CAlcr5XN,"[2, 0]","[[6, 2], [6, 2]]"
YJkgqoIH,"[1, 2]","[[7, 64], [4, 6], [1, 6]]"
6Xm1sPnU,"[2, 0]","[[6, 4], [6, 3]]"
tQvTxqeo,"[2, 0]","[[6, 4], [6, 3]]"
lExAgl3O,"[0, 2]","[[5, 7], [2, 6]]"
GrelpR2B,"[2, 0]","[[6, 3], [6, 2]]"
I75pEZvn,"[0, 2]","[[3, 6], [3, 6]]"
pb59oyao,"[2, 1]","[[4, 6], [7, 5], [6, 1]]"
4pJc9BgH,"[2, 0]","[[6, 2], [6, 3]]"
ClVIOsSg,"[2, 0]","[[6, 1], [7, 5]]"
IRVEPNCm,"[0, 2]","[[5, 7], [66, 7], [0, 0]]"
tp5krQdt,"[2, 0]","[[6, 3], [7, 5]]"
Wx8ypkBC,"[2, 0]","[[6, 0], [6, 2]]"
8Kppnuht,"[2, 0]","[[6, 1], [6, 2]]"
SpBKmXBm,"[1, 2]","[[1, 6], [6, 4], [3, 6]]"
2sploa7n,"[2, 1]","[[63, 7], [6, 2], [7, 5]]"
dKFOniRg,"[0, 2]","[[2, 6], [5, 7]]"
Qa7uq9QI,"[1, 2]","[[6, 4], [62, 7], [3, 6]]"
GplhpJMh,"[2, 0]","[[6, 4], [6, 4]]"
4j6qrTuP,"[0, 2]","[[2, 6], [3, 6]]"
Sx7HveSq,"[2, 0]","[[6, 4], [7, 5]]"
x8l81IZd,"[2, 0]","[[6, 3], [6, 2]]"
dCBLwFsj,"[1, 2]","[[4, 6], [7, 69], [4, 6]]"
lrhC0xk3,"[0, 2]","[[4, 6], [62, 7]]"
UXDUdYxp,"[2, 0]","[[6, 4], [6, 2]]"
U7dT6qG9,"[1, 2]","[[6, 4], [4, 6], [4, 6]]"
pb5nQghK,"[2, 0]","[[7, 67], [6, 1]]"
ALMu7Eor,"[2, 1]","[[3, 6], [6, 0], [6, 2]]"
v1Ed3Wp7,"[2, 0]","[[6, 4], [6, 2]]"
8tUKVD8h,"[1, 2]","[[7, 5], [4, 6], [0, 6]]"
Kjr1Edg8,,"[[5, 2]]"
EXwxdPvl,"[1, 2]","[[6, 4], [1, 6], [62, 7]]"
dfM75iET,"[1, 2]","[[6, 3], [2, 6], [5, 7]]"
6NSUncQ0,"[2, 0]","[[6, 2], [6, 4]]"
bPwPuCBP,"[0, 2]","[[2, 6], [5, 7]]"
dKLBW7YB,"[0, 2]","[[66, 7], [3, 6]]"
rVdtnmYb,"[0, 2]","[[1, 6], [3, 6]]"
pMg85mzg,"[0, 2]","[[5, 7], [4, 6]]"
INqTdflS,"[0, 2]","[[4, 6], [4, 6]]"
SpqD47ka,"[0, 2]","[[3, 6], [3, 6]]"
GOnoe0H9,"[1, 2]","[[6, 4], [2, 6], [3, 6]]"
v5CIdmCF,"[0, 2]","[[66, 7], [61, 7]]"
h4IHrKQD,"[0, 2]","[[2, 6], [5, 7]]"
dWF4KKv3,"[1, 2]","[[64, 7], [7, 5], [4, 6]]"
4Gy2OMsq,"[0, 2]","[[1, 6], [1, 6]]"
4OFYMyk2,"[2, 0]","[[6, 0], [6, 4]]"
UPNIdHnd,"[0, 2]","[[65, 7], [2, 6]]"
rgqQsPIT,"[0, 2]","[[5, 7], [4, 6]]"
ljWlgNO6,"[1, 2]","[[1, 6], [7, 6], [3, 6]]"
xpfFpuUM,"[0, 2]","[[2, 6], [3, 6]]"
vXpPczZL,"[2, 0]","[[6, 4], [6, 2]]"
I7ZssFtE,"[0, 2]","[[4, 6], [3, 6]]"
lAMobMZe,"[2, 1]","[[7, 5], [61, 7], [6, 1]]"
xClb6oML,"[1, 2]","[[2, 6], [6, 3], [3, 6]]"
OUF6obhf,"[1, 2]","[[6, 2], [4, 6], [2, 6]]"
tz2SFxSS,"[2, 0]","[[6, 4], [6, 2]]"
6FIhJmpK,"[2, 0]","[[6, 4], [6, 0]]"
p2sqqq06,"[2, 1]","[[6, 2], [1, 6], [6, 2]]"
rmjWLpBn,"[2, 1]","[[4, 6], [6, 3], [6, 2]]"
Ct7JCAQt,"[0, 2]","[[2, 6], [1, 6]]"
hf5KUlD0,"[0, 2]","[[2, 6], [4, 6]]"
Y7q9er3F,"[2, 0]","[[6, 3], [6, 3]]"
ObTGoQo4,"[0, 2]","[[3, 6], [1, 6]]"
lxDukggk,"[1, 2]","[[1, 6], [7, 66], [3, 6]]"
ddZeMZr5,"[2, 1]","[[610, 7], [6, 3], [6, 4]]"
UHDtDyAb,"[2, 1]","[[2, 6], [6, 1], [6, 2]]"
vwpw1GbD,"[1, 2]","[[4, 6], [7, 65], [61, 7]]"
naL1PmAn,"[2, 0]","[[6, 2], [6, 4]]"
YFNDMof5,"[1, 2]","[[4, 6], [7, 5], [2, 6]]"
Gvim6Q9O,"[2, 0]","[[7, 5], [6, 2]]"
tMbz9SP5,"[0, 2]","[[5, 7], [61, 7]]"
QkK5O7Ph,"[2, 0]","[[6, 4], [6, 1]]"
UsuVU9nP,"[2, 0]","[[6, 4], [6, 4]]"
KCcv8nuC,"[0, 2]","[[3, 6], [5, 7]]"
2aieJBl7,"[0, 2]","[[4, 6], [3, 6]]"
G2eaIV3D,"[2, 0]","[[6, 4], [6, 2]]"
GvDIL59B,"[2, 0]","[[6, 2], [7, 5]]"
Iiy451FI,,"[[3, 0]]"
zToa6s0C,"[2, 0]","[[6, 3], [7, 5]]"
h4jfOAlA,"[2, 1]","[[6, 4], [2, 6], [6, 3]]"
n7mnQWJc,"[2, 0]","[[6, 4], [6, 2]]"
fy9RbIyn,"[2, 1]","[[6, 1], [2, 6], [6, 4]]"
SlVDueyO,"[0, 2]","[[0, 6], [1, 6]]"
pQ1vdGL4,"[0, 2]","[[2, 6], [1, 6]]"
x0x1rci5,"[2, 1]","[[4, 6], [6, 3], [6, 4]]"
vPYHvFjU,"[0, 2]","[[1, 6], [4, 6]]"
bT5rezyB,"[0, 2]","[[2, 6], [4, 6]]"
CC3Wcxih,"[0, 2]","[[5, 7], [3, 6]]"
6Zt5sH6B,"[2, 0]","[[6, 2], [6, 4]]"
x2gj0P0c,"[0, 2]","[[2, 6], [3, 6]]"
E7pBe1FS,"[2, 0]","[[6, 3], [7, 5]]"
pSdbb3V9,"[1, 2]","[[5, 7], [6, 3], [3, 6]]"
6so7ds0M,"[0, 2]","[[4, 6], [2, 6]]"
06DKDgrJ,"[2, 0]","[[6, 2], [6, 1]]"
viPBFFD6,"[2, 1]","[[0, 6], [6, 3], [6, 1]]"
OhjQf8UE,"[0, 2]","[[2, 6], [64, 7]]"
CfMylxd2,"[0, 2]","[[64, 7], [4, 6]]"
p4hgl67r,"[2, 0]","[[6, 2], [6, 3]]"
vRicmQMl,"[1, 2]","[[7, 63], [1, 6], [1, 6]]"
GSnIdUa2,"[2, 0]","[[6, 3], [6, 0]]"
QZ165Y1G,,
re6RhnaR,"[1, 2]","[[6, 4], [1, 6], [4, 6]]"
WC226EnA,"[2, 0]","[[6, 1], [6, 2]]"
rDy8JXSN,"[2, 1]","[[7, 5], [4, 6], [6, 3]]"
SzAQyFrh,"[0, 2]","[[3, 6], [3, 6]]"
0lWCIirU,"[2, 1]","[[6, 4], [3, 6], [6, 0]]"
Aaw0LgbB,"[0, 2]","[[1, 6], [3, 6]]"
Wj5fjape,"[2, 1]","[[7, 5], [4, 6], [6, 3]]"
SIb3lwF7,"[1, 2]","[[64, 7], [7, 68], [65, 7]]"
UqMS4KNI,"[0, 2]","[[4, 6], [2, 6]]"
04UB82Og,"[0, 2]","[[63, 7], [2, 6]]"
8UXJ6tg6,"[0, 2]","[[61, 7], [3, 6]]"
86kXFpWJ,"[0, 2]","[[2, 6], [4, 6]]"
vgldmhho,"[2, 0]","[[6, 4], [6, 2]]"
veTF7Mw0,"[2, 0]","[[6, 1], [6, 4]]"
nLWN508C,"[2, 1]","[[0, 6], [6, 2], [6, 4]]"
nclyF4oQ,"[0, 2]","[[2, 6], [4, 6]]"
hxKYZMmo,"[2, 1]","[[5, 7], [7, 65], [6, 3]]"
Mmtjrot5,"[2, 1]","[[4, 6], [6, 4], [6, 2]]"
jTX6v3uU,"[2, 0]","[[7, 610], [6, 3]]"
0vufs5eB,"[2, 1]","[[7, 5], [4, 6], [7, 67]]"
j7IbxhwA,"[0, 2]","[[2, 6], [2, 6]]"
6eSS3k1h,"[1, 2]","[[6, 4], [4, 6], [2, 6]]"
SUImaRFN,"[1, 2]","[[4, 6], [7, 610], [5, 7]]"
nFaKg5wo,"[2, 0]","[[6, 3], [6, 3]]"
UqUxxLko,"[2, 1]","[[6, 1], [67, 7], [6, 3]]"
tEKu1moB,"[2, 1]","[[5, 7], [6, 2], [7, 5]]"
Ag8hboVT,"[2, 0]","[[6, 1], [6, 4]]"
KbWW29Gb,"[0, 2]","[[1, 6], [3, 6]]"
0Im2IlGo,"[0, 2]","[[3, 6], [4, 6]]"
xCM2Kf14,"[2, 0]","[[6, 0], [6, 0]]"
MNda9Nv4,"[2, 0]","[[6, 0], [6, 2]]"
E7d5mtIp,"[2, 0]","[[6, 4], [6, 1]]"
Qe3jBqAi,"[2, 0]","[[6, 3], [7, 5]]"
ChF8n0Xj,"[0, 2]","[[1, 6], [64, 7]]"
djEUpJQ5,"[0, 2]","[[3, 6], [3, 6]]"
hI7wqceI,"[0, 2]","[[2, 6], [2, 6]]"
tMrCCk9q,"[2, 0]","[[6, 4], [6, 3]]"
MFzGjU28,"[2, 0]","[[6, 4], [6, 2]]"
jTsaCeXj,"[1, 2]","[[6, 3], [5, 7], [2, 6]]"
hAPGBivd,"[0, 2]","[[2, 6], [4, 6]]"
hdxvCyVo,"[0, 2]","[[4, 6], [4, 6]]"
EFAt4Rhi,"[2, 0]","[[6, 4], [6, 3]]"
ltXszEsl,"[0, 2]","[[4, 6], [0, 6]]"
Iic3sdkE,"[2, 0]","[[6, 1], [6, 3]]"
YVqNNJbL,"[0, 2]","[[2, 6], [5, 7]]"
ENGCURB5,"[0, 2]","[[4, 6], [1, 6]]"
zsomOeEh,"[1, 2]","[[6, 0], [5, 7], [3, 6]]"
zgBmmXN1,"[2, 0]","[[6, 3], [7, 61]]"
hvcIwDMJ,"[0, 2]","[[2, 6], [3, 6]]"
r9FRGkF6,"[2, 0]","[[7, 5], [7, 61]]"
ETNAKXFs,"[0, 2]","[[3, 6], [1, 6]]"
UBnAS1y9,"[2, 0]","[[6, 2], [6, 3]]"
jLm6TsM2,"[0, 2]","[[2, 6], [3, 6]]"
2HIo9Dzl,"[0, 2]","[[1, 6], [0, 6]]"
OYoERLjF,,"[[0, 6], [7, 65], [5, 0]]"
t8Hk8Xkf,"[2, 1]","[[6, 3], [2, 6], [6, 2]]"
xdEfbIm0,"[1, 2]","[[7, 5], [3, 6], [3, 6]]"
AZsbabYg,"[2, 0]","[[7, 5], [6, 1]]"
GnDbcx36,"[2, 1]","[[3, 6], [7, 5], [6, 3]]"
0ARGAiKA,"[1, 2]","[[6, 4], [4, 6], [0, 6]]"
MPFP8VlN,"[1, 2]","[[6, 3], [66, 7], [1, 6]]"
Wb5a2TRj,"[0, 2]","[[4, 6], [1, 6]]"
h86e39Cp,"[2, 1]","[[7, 67], [0, 6], [6, 4]]"
WnyrBeph,"[0, 2]","[[4, 6], [4, 6]]"
MyUf8gUA,"[2, 0]","[[6, 0], [6, 3]]"
zuYb7DqH,"[2, 0]","[[7, 5], [6, 1]]"
lOVnAFab,"[2, 1]","[[6, 2], [5, 7], [6, 4]]"
Q3D7HvBc,"[2, 0]","[[6, 3], [6, 2]]"
8S2CGbQ3,"[1, 2]","[[4, 6], [6, 2], [2, 6]]"
xKvcXpOT,"[0, 2]","[[3, 6], [4, 6]]"
EufXxkfh,"[2, 0]","[[6, 2], [6, 3]]"
SpkDXgIC,"[0, 2]","[[2, 6], [65, 7]]"
rLolZ6gH,"[0, 2]","[[0, 6], [1, 6]]"
6ylHWDXI,"[2, 0]","[[6, 0], [6, 4]]"
vTQOS4Wp,"[2, 0]","[[6, 3], [7, 5]]"
hWhyx99b,"[2, 0]","[[6, 0], [6, 2]]"
fekhYQ8N,"[2, 0]","[[6, 3], [7, 5]]"
EceDp7aJ,"[0, 2]","[[2, 6], [1, 6]]"
z7d9ompD,"[2, 0]","[[6, 3], [6, 1]]"
8f5hkVpl,"[2, 1]","[[6, 1], [63, 7], [6, 1]]"
U9g1m9F0,"[0, 2]","[[1, 6], [2, 6]]"
Sn2B70aq,"[2, 0]","[[6, 2], [6, 2]]"
dbSWEr79,"[2, 0]","[[6, 3], [6, 0]]"
E34N4bq2,"[0, 2]","[[2, 6], [1, 6]]"
tj6F6KEk,"[0, 2]","[[64, 7], [4, 6]]"
nTpthLad,"[0, 2]","[[2, 6], [3, 6]]"
rFQvDMyM,"[1, 2]","[[6, 4], [3, 6], [5, 7]]"
zD5J5vUe,"[2, 0]","[[6, 3], [6, 4]]"
0WYNG4xc,"[2, 0]","[[6, 3], [6, 3]]"
bcLLgyJj,"[2, 1]","[[2, 6], [6, 3], [6, 3]]"
EPqkaceT,"[0, 2]","[[4, 6], [2, 6]]"
K6MHfH3p,"[2, 0]","[[6, 4], [6, 4]]"
0Muo0wtN,"[2, 1]","[[4, 6], [6, 3], [6, 2]]"
2B3hYrgH,"[0, 2]","[[65, 7], [4, 6]]"
OQi1WMNT,"[0, 2]","[[3, 6], [1, 6]]"
O4GQJqvO,"[0, 2]","[[3, 6], [65, 7]]"
fo0pz5O4,"[0, 2]","[[1, 6], [0, 6]]"
CMAuyo9b,"[2, 1]","[[5, 7], [6, 3], [7, 61]]"
4d7Xx7vn,"[1, 2]","[[5, 7], [7, 5], [3, 6]]"
MHFKd17R,"[0, 2]","[[1, 6], [1, 6]]"
t22dX28N,"[2, 0]","[[6, 4], [6, 3]]"
2eFUI3gU,"[1, 2]","[[3, 6], [6, 2], [4, 6]]"
h06jiuVl,"[1, 2]","[[6, 3], [1, 6], [2, 6]]"
4QCJDilt,"[0, 2]","[[3, 6], [4, 6]]"
OQ1nhLFr,"[0, 2]","[[2, 6], [2, 6]]"
SQKwGndj,"[2, 0]","[[6, 3], [6, 1]]"
fXCPwjlc,"[2, 0]","[[6, 3], [6, 2]]"
29t3mUGB,"[0, 2]","[[0, 6], [2, 6]]"
YTlniCHn,"[0, 2]","[[3, 6], [4, 6]]"
nZqSoHu7,"[2, 0]","[[6, 4], [6, 0]]"
QPrWpyeD,"[0, 2]","[[2, 6], [0, 6]]"
0fa6nlWH,"[2, 0]","[[6, 3], [6, 2]]"
CKmjjWWh,"[1, 2]","[[7, 64], [3, 6], [1, 6]]"
tfhfkjna,"[2, 0]","[[6, 0], [6, 2]]"
vTWD9KXD,,"[[3, 6], [0, 1]]"
A9C2ddIC,"[0, 2]","[[4, 6], [5, 7]]"
d0oLEwYt,"[2, 1]","[[2, 6], [6, 3], [6, 3]]"
QHfkKaAJ,"[1, 2]","[[6, 3], [3, 6], [1, 6]]"
OCG6eGXI,"[2, 0]","[[6, 4], [6, 1]]"
0pOqHs71,"[0, 2]","[[3, 6], [5, 7]]"
vVZzJ3xk,"[2, 0]","[[6, 1], [6, 3]]"
drvt5zW0,"[0, 2]","[[4, 6], [4, 6]]"
p4GWRcwE,"[0, 2]","[[3, 6], [3, 6]]"
fHIaP4HF,"[2, 0]","[[6, 2], [6, 1]]"
IcSl3E0D,"[0, 2]","[[5, 7], [2, 6]]"
OfFzRHhK,"[2, 1]","[[6, 1], [3, 6], [6, 4]]"
ARyU7xnr,"[0, 2]","[[2, 6], [1, 6]]"
4UITkbRk,"[2, 0]","[[6, 3], [6, 3]]"
ruzx6GGf,"[0, 2]","[[0, 6], [0, 6]]"
MgB3xM8j,"[0, 2]","[[3, 6], [2, 6]]"
WOWOq4GG,"[2, 0]","[[6, 3], [6, 2]]"
bBfn15oi,"[2, 0]","[[6, 0], [6, 2]]"
r3Caw2gp,"[2, 0]","[[6, 3], [7, 5]]"
tMnoDMi8,"[1, 2]","[[7, 64], [5, 7], [3, 6]]"
bmQSKsxp,"[2, 0]","[[6, 4], [7, 5]]"
Mi4dSPqA,"[0, 2]","[[61, 7], [4, 6]]"
zy2pVRai,"[2, 1]","[[4, 6], [6, 3], [6, 3]]"
fuPc7O7p,,"[[5, 5]]"
lEzgRqaG,"[2, 0]","[[6, 3], [6, 2]]"
tCFXJ1ij,"[1, 2]","[[64, 7], [6, 3], [3, 6]]"
lv6lUoFc,"[0, 2]","[[4, 6], [64, 7]]"
YVN16rNj,"[0, 2]","[[3, 6], [66, 7]]"
00GUgruH,"[0, 2]","[[3, 6], [1, 6]]"
WKODcQuh,"[0, 2]","[[2, 6], [1, 6]]"
QsOHdpeb,"[2, 0]","[[6, 1], [6, 2]]"
voSLe4A4,"[2, 0]","[[6, 1], [6, 4]]"
W86srHAO,"[2, 1]","[[7, 5], [5, 7], [6, 1]]"
KOaP60mP,"[2, 0]","[[6, 1], [6, 1]]"
AsMg7i50,"[2, 0]","[[6, 3], [6, 4]]"
xf1hShsQ,"[0, 2]","[[5, 7], [3, 6]]"
KE4HMW4m,"[2, 0]","[[6, 1], [6, 4]]"
A3cUJUl6,"[0, 2]","[[4, 6], [3, 6]]"
p0E64kkJ,"[2, 1]","[[2, 6], [6, 3], [6, 1]]"
lfdYIl4C,"[0, 2]","[[4, 6], [4, 6]]"
Ey4LLjKg,"[0, 2]","[[3, 6], [3, 6]]"
b32lTYRJ,,"[[2, 6], [0, 0]]"
84GbF9oR,"[2, 0]","[[6, 1], [6, 3]]"
thu4gSO7,"[2, 0]","[[6, 3], [6, 2]]"
UDHfGkWK,"[2, 1]","[[4, 6], [6, 2], [6, 2]]"
rcJnIB18,"[2, 1]","[[6, 0], [4, 6], [6, 4]]"
0zmtMpdn,"[0, 2]","[[3, 6], [1, 6]]"
jNQ2Duut,"[2, 0]","[[6, 3], [6, 4]]"
6gsmTvRQ,"[0, 2]","[[63, 7], [63, 7]]"
tSuSp4hT,"[2, 0]","[[7, 62], [6, 4]]"
2ysOopwN,"[0, 2]","[[64, 7], [2, 6]]"
zFARnQNG,"[2, 0]","[[6, 3], [7, 5]]"
KKk9YZ26,,"[[6, 3], [4, 2]]"
nkKBBJ9h,"[2, 1]","[[3, 6], [6, 2], [6, 4]]"
bmGKvuXS,"[2, 0]","[[6, 3], [6, 0]]"
rw3RzWVf,"[2, 0]","[[6, 2], [6, 1]]"
2LMBt12G,"[0, 2]","[[1, 6], [2, 6]]"
ShgFnKBN,"[0, 2]","[[3, 6], [3, 6]]"
65B4L3n0,"[2, 1]","[[6, 1], [3, 6], [6, 4]]"
vqu8MqXg,"[0, 2]","[[1, 6], [1, 6]]"
6Vt0O52s,"[2, 0]","[[6, 2], [6, 2]]"
QVoiHMPH,"[2, 0]","[[6, 2], [6, 4]]"
vJ9CJsHC,"[0, 2]","[[4, 6], [4, 6]]"
SrEpb8vp,"[2, 0]","[[6, 3], [6, 1]]"
j9eRUO4F,"[1, 2]","[[0, 6], [6, 4], [1, 6]]"
lIOZbld5,"[0, 2]","[[65, 7], [5, 7]]"
h6wcHtXM,"[2, 1]","[[6, 3], [4, 6], [7, 66]]"
UPB1p3xO,"[0, 2]","[[1, 6], [0, 6]]"
M3MBi5R0,,"[[1, 6], [1, 2]]"
fT4C9wmn,"[2, 0]","[[6, 4], [7, 61]]"
bg1G4vhq,"[2, 0]","[[6, 4], [6, 3]]"
ERj0kmVs,"[1, 2]","[[2, 6], [6, 3], [1, 6]]"
ANsIRUKp,"[1, 2]","[[4, 6], [6, 2], [1, 6]]"
Es1KMwER,"[1, 2]","[[6, 2], [4, 6], [3, 6]]"
WhxIAXFi,,
GvVlUakN,,
jL3hCD9b,"[0, 2]","[[1, 6], [67, 7]]"
rcJw69UM,"[0, 2]","[[4, 6], [3, 6]]"
AeZNNcSj,,"[[6, 0]]"
CU4lDgfh,"[2, 0]","[[6, 2], [7, 64]]"
CnYXXsjb,"[0, 2]","[[5, 7], [2, 6]]"
b3zpVuzH,"[0, 2]","[[4, 6], [2, 6]]"
2wb4iAFT,"[0, 2]","[[3, 6], [63, 7]]"
WELwHLSp,"[2, 0]","[[6, 3], [6, 4]]"
zBESoBt0,"[1, 2]","[[65, 7], [6, 4], [9, 11]]"
6BbIjLqP,,
IZ3XpVe6,"[0, 2]","[[2, 6], [1, 6]]"
b9wcqwxa,"[2, 1]","[[7, 63], [4, 6], [10, 6]]"
z3APxZdd,"[1, 2]","[[3, 6], [6, 3], [8, 10]]"
r5iGad49,"[2, 0]","[[6, 3], [6, 0]]"
4xq9TSbC,"[1, 2]","[[2, 6], [6, 4], [0, 10]]"
n1YDSnEI,"[1, 2]","[[2, 6], [6, 2], [2, 10]]"
re2c0qhG,"[0, 2]","[[4, 6], [3, 6]]"
hYLVAW5a,"[2, 0]","[[6, 3], [6, 3]]"
IT0xI8JI,"[1, 2]","[[6, 3], [2, 6], [8, 10]]"
bBMRBCjg,"[1, 2]","[[4, 6], [6, 2], [6, 10]]"
xCEMfiNQ,"[0, 2]","[[4, 6], [4, 6]]"
KIpy6xmP,"[0, 2]","[[4, 6], [5, 7]]"
fq9RsJJM,"[2, 0]","[[6, 3], [7, 65]]"
dOBNm68A,"[2, 0]","[[6, 3], [6, 1]]"
IHn2Nlw8,"[1, 2]","[[7, 5], [4, 6], [7, 10]]"
tt5Nra4G,"[2, 1]","[[6, 3], [3, 6], [10, 7]]"
8bN7ssmA,"[1, 2]","[[6, 2], [5, 7], [10, 12]]"
fJ1jZIfj,"[2, 0]","[[6, 3], [7, 5]]"
AklfWGOM,"[2, 0]","[[7, 65], [6, 1]]"
S41K6xfq,"[2, 1]","[[3, 6], [7, 5], [10, 4]]"
O402N6N1,"[2, 0]","[[6, 3], [7, 5]]"
8hYHM662,"[1, 2]","[[6, 0], [5, 7], [7, 10]]"
SSBqlD8e,"[0, 2]","[[63, 7], [3, 6]]"
UkwYByIa,"[2, 0]","[[7, 65], [6, 4]]"
jJzr6xGc,"[2, 0]","[[6, 3], [6, 3]]"
xlhq76fI,,
UsHMKPOH,"[2, 1]","[[1, 6], [6, 4], [10, 6]]"
fPO9NRva,"[0, 2]","[[3, 6], [4, 6]]"
4zWdQTft,"[2, 0]","[[6, 1], [6, 3]]"
tUnjPjZ3,"[1, 2]","[[6, 3], [3, 6], [4, 10]]"
pQu9tyMH,"[0, 2]","[[5, 7], [3, 6]]"
j32zcd6b,"[1, 2]","[[1, 6], [7, 63], [12, 14]]"
GpANabMu,"[0, 2]","[[2, 6], [5, 7]]"
Sjn3cNpG,"[2, 0]","[[6, 4], [6, 4]]"
WOhfaqG3,"[2, 1]","[[4, 6], [6, 3], [10, 5]]"
MFEGEZSC,"[0, 2]","[[2, 6], [0, 6]]"
UVjMelF8,"[0, 2]","[[1, 6], [4, 6]]"
hUe1npxe,"[0, 2]","[[1, 6], [64, 7]]"
2qkUgSqL,,
Y3NXlItd,"[2, 0]","[[6, 0], [6, 3]]"
2cIvEBjo,"[1, 2]","[[6, 3], [4, 6], [2, 10]]"
4Mx4KDDH,"[1, 2]","[[3, 6], [6, 3], [8, 10]]"
jHHbmKNs,"[1, 2]","[[3, 6], [7, 5], [5, 10]]"
IBiLAoeH,"[2, 0]","[[6, 1], [7, 65]]"
rR2t7pRm,"[0, 2]","[[1, 6], [2, 6]]"
4xy3AOgs,"[2, 0]","[[6, 1], [6, 3]]"
hYXKpp1A,"[1, 2]","[[6, 4], [5, 7], [7, 10]]"
Iuu79r9m,"[2, 0]","[[6, 4], [7, 5]]"
d6Y2uqQN,,
r3UbtPAH,,
x2eBKFVm,"[2, 0]","[[7, 61], [6, 4]]"
2NLy2TV4,"[0, 2]","[[4, 6], [2, 6]]"
8QJxhM9T,"[0, 2]","[[3, 6], [4, 6]]"
v9n6H8Vi,"[2, 0]","[[7, 5], [6, 1]]"
lvKq070H,"[2, 0]","[[6, 3], [6, 2]]"
0Ee38sfA,"[2, 1]","[[4, 6], [7, 5], [10, 6]]"
4n2fA3Pc,"[1, 2]","[[6, 1], [2, 6], [7, 10]]"
dvG6YEo9,"[1, 2]","[[7, 5], [4, 6], [7, 10]]"
jubhxI3s,"[2, 0]","[[6, 3], [6, 4]]"
CzKFObZs,"[1, 2]","[[62, 7], [6, 2], [3, 10]]"
SrK6il9o,"[2, 0]","[[6, 2], [7, 5]]"
dInDt2us,"[2, 1]","[[6, 3], [2, 6], [10, 7]]"
ITGNCB3n,"[2, 1]","[[3, 6], [6, 3], [10, 8]]"
CrKVF9UC,,
tfGWfO4O,"[0, 2]","[[3, 6], [3, 6]]"
8jNEJiVm,,
KhTtAgLs,,
EgT8CDkb,"[2, 0]","[[6, 4], [6, 1]]"
MgRIIBpf,"[0, 2]","[[2, 6], [0, 6]]"
dQS3gWpH,"[0, 2]","[[65, 7], [3, 6]]"
I3N36XbN,"[2, 0]","[[6, 3], [6, 3]]"
SEUj9ZE4,"[1, 2]","[[60, 7], [7, 5], [8, 10]]"
6DLFFIuA,"[2, 0]","[[6, 4], [6, 2]]"
6FjPvBPu,"[0, 2]","[[0, 6], [1, 6]]"
A7mtyTO4,"[2, 0]","[[6, 3], [6, 1]]"
KIfTwVvn,"[1, 2]","[[6, 2], [3, 6], [8, 10]]"
lbnpzmvB,"[0, 2]","[[0, 6], [0, 6]]"
tpc5nTU6,"[2, 1]","[[7, 5], [4, 6], [10, 1]]"
no4dlk0f,"[0, 2]","[[3, 6], [4, 6]]"
zkRzE2MF,"[0, 2]","[[5, 7], [2, 6]]"
M5PrCtiS,"[0, 2]","[[4, 6], [3, 6]]"
EZxSFOi3,,
0d2nzaup,,
nDE3IKei,"[2, 1]","[[6, 1], [3, 6], [10, 7]]"
hrRgga3J,"[0, 2]","[[66, 7], [2, 6]]"
bJ6yxRgh,"[2, 0]","[[6, 0], [6, 1]]"
pUcSRtWp,,
Q58TwmPu,"[2, 0]","[[6, 4], [6, 4]]"
YyalZOwB,"[2, 1]","[[3, 6], [6, 1], [10, 8]]"
rsFjvE8c,"[0, 2]","[[0, 6], [2, 6]]"
v3eLJepc,"[2, 0]","[[6, 2], [6, 2]]"
fHbAo8oO,"[0, 2]","[[0, 6], [4, 6]]"
j5ashh2t,"[2, 0]","[[6, 3], [6, 2]]"
Y7cEpS0U,"[0, 2]","[[4, 6], [1, 6]]"
KpiblA15,"[2, 0]","[[6, 0], [6, 0]]"
zipPDcmm,"[1, 2]","[[3, 6], [6, 2], [5, 10]]"
48ggJJPP,"[0, 2]","[[2, 6], [4, 6]]"
6qAE3CWS,"[2, 0]","[[6, 1], [6, 2]]"
6J4uQy8Q,,
lIzY6d1l,"[2, 1]","[[5, 7], [6, 1], [10, 3]]"
v7Tp4fo7,"[0, 2]","[[3, 6], [2, 6]]"
EmMTrOVM,"[1, 2]","[[5, 7], [6, 4], [4, 10]]"
QNPXsroT,"[1, 2]","[[7, 61], [2, 6], [8, 10]]"
S4ZdQ3EM,,
K2EyJL6d,"[0, 2]","[[2, 6], [3, 6]]"
MRY0PNTS,"[2, 1]","[[6, 3], [3, 6], [11, 9]]"
r15hT5U3,"[2, 0]","[[6, 4], [6, 4]]"
UZKYh2fN,"[1, 2]","[[3, 6], [6, 4], [9, 11]]"
M9HQfOPA,"[0, 2]","[[2, 6], [1, 6]]"
MXoi2Ket,"[2, 0]","[[6, 2], [6, 4]]"
lYKc6BK6,"[2, 1]","[[6, 4], [4, 6], [10, 6]]"
tO5DNCks,"[1, 2]","[[4, 6], [6, 1], [4, 10]]"
WdA25VZC,"[2, 0]","[[6, 1], [6, 2]]"
Sv8PKAZa,"[2, 1]","[[2, 6], [6, 3], [10, 7]]"
Sly0f891,"[1, 2]","[[6, 3], [4, 6], [7, 10]]"
MmIjHVGE,"[2, 0]","[[6, 1], [6, 3]]"
MF2O8K3m,"[0, 2]","[[1, 6], [2, 6]]"
8CbK90ls,"[0, 2]","[[5, 7], [3, 6]]"
OvNmFMQJ,"[2, 0]","[[6, 3], [6, 3]]"
ANJ6jwlJ,"[0, 2]","[[4, 6], [1, 6]]"
2VLiEttQ,"[1, 2]","[[6, 2], [3, 6], [5, 10]]"
WWK2iJYC,"[2, 0]","[[6, 1], [6, 2]]"
j1iXgsVq,"[2, 0]","[[6, 3], [7, 5]]"
dKatHSYO,"[2, 0]","[[6, 1], [6, 4]]"
8xnxg1pj,"[0, 2]","[[66, 7], [4, 6]]"
YHUjyWJt,"[2, 1]","[[3, 6], [6, 0], [10, 4]]"
E7AzKwbk,"[2, 1]","[[6, 2], [5, 7], [10, 3]]"
bNjRaqak,"[1, 2]","[[7, 63], [3, 6], [9, 11]]"
ChyOQcoF,,
4ts1G0nT,,
82LCfUmI,"[0, 2]","[[2, 6], [4, 6]]"
S4yEh8IU,"[0, 2]","[[1, 6], [2, 6]]"
xljn7SHk,,
GMDHLh4S,"[0, 11]",
0pdUXHXk,"[5, 13]",
A9KzvWEe,"[0, 3]",
MPN5zc83,"[3, 0]",
vyeYWymd,"[3, 6]",
fy3uky6a,"[3, 9]",
vT09eLPd,"[3, 6]",
tYx6zxi6,"[3, 7]",
lhg7dhLg,"[6, 8]",
UgehnZkI,"[2, 1]",
Qq3LhJ9F,"[6, 0]",
CtaHgaf9,"[1, 9]",
lhNWjJnR,"[3, 0]",
IkYVYsiG,"[2, 5]",
lAtFxQii,"[1, 7]",
zRrRZNyA,"[1, 3]",
dzpNz4M3,"[7, 9]",
S0uJyp7c,"[10, 1]",
8YVDQJbd,"[5, 1]",
GziZX16M,"[1, 0]",
UsX9Raqj,"[5, 2]",
C6x5SuUq,"[5, 3]",
AcjwXLLS,"[5, 4]",
KIvTsIWG,"[9, 5]",
KU6VxVy6,"[0, 3]",
QTMyBFmk,"[14, 5]",
xEwPyuoB,"[4, 3]",
WzwTza0H,"[2, 6]",
800dJWUq,"[7, 9]",
n946XPgP,"[3, 2]",
vgb4l1vd,"[5, 1]",
hd28mLg2,"[3, 4]",
MoBQ3tvq,"[2, 5]",
Cjv7gTfm,"[4, 3]",
6ajjC4W2,"[8, 1]",
faTN8js8,"[14, 2]",
4A0V20gk,"[7, 2]",
jR2s0bw8,"[2, 8]",
fJi5LTQD,"[5, 2]",
j3Kf92GL,"[1, 6]",
CCLjAr1F,"[2, 1]",
pQJb8MVR,"[1, 0]",
pjkfBOo9,"[1, 6]",
SC3NdplD,"[5, 3]",
r1aZ1K8e,"[4, 1]",
6cFEb6J0,"[0, 3]",
hfBAan4f,"[5, 9]",
lM4JcQY6,"[4, 5]",
bXB60Sll,"[2, 3]",
6ZWR7AdE,"[1, 5]",
fFTBhmAg,"[10, 5]",
vmVZ5lRQ,"[2, 0]",
GYuEJ7eQ,"[5, 4]",
0dWV6UBK,"[1, 0]",
Y9j9KmtK,"[2, 4]",
KtD218Zs,"[3, 2]",
Ess49NXI,"[5, 6]",
nHWqEoJm,"[3, 5]",
hfXuFR3s,"[5, 2]",
MZOdBq36,"[6, 0]",
GA3ZO2X5,"[5, 4]",
Q7VmD5Yg,"[9, 1]",
6kXFi7Pa,"[10, 6]",
8p0RQO2g,"[3, 6]",
Mm4VPrIa,"[3, 5]",
GnLnY6AJ,"[4, 3]",
fwKjXQPP,"[5, 1]",
rqQhCPm0,"[2, 4]",
nVBISpYt,"[5, 6]",
GdO0A3IC,"[2, 9]",
QLAMR4mm,"[0, 11]",
IJNrEB75,"[3, 7]",
6suLfN6p,"[9, 13]",
EoHiCkxI,"[1, 17]",
KpqPgsMj,"[0, 5]",
0tMBHpEc,"[2, 3]",
MkN7IQbi,"[4, 3]",
UL9OErbG,"[8, 9]",
ncKJFOrA,"[10, 2]",
rPDSD2DM,"[7, 6]",
00pgUNc3,"[1, 5]",
xnDWCMSS,"[2, 4]",
dOmg9wT6,"[2, 7]",
zNh76K5d,"[6, 4]",
dWg370jj,"[9, 4]",
veab8typ,"[7, 8]",
rPZcTsD9,"[5, 4]",
lQtkV3rc,"[6, 1]",
MFY1S1SF,"[2, 5]",
nXzTt1s9,"[3, 6]",
jkw6RLsM,"[4, 5]",
lQItLJKk,"[1, 4]",
UuxAQucS,"[5, 7]",
MwHlJck2,"[1, 4]",
8txPssS2,"[3, 6]",
zNExMa5q,"[4, 2]",
tfzXuLdF,"[10, 2]",
rmIpKwzd,"[3, 4]",
voMekcFI,"[12, 6]",
IyLalHUO,"[7, 6]",
Wv9sD07P,"[2, 3]",
80098KFt,"[3, 4]",
jPkE7vVn,"[3, 2]",
UFlI6bpg,"[6, 5]",
xthQ4xF5,"[6, 2]",
bkgM5Iaa,"[10, 1]",
K4sV3dUB,"[6, 4]",
WvoZ2GqI,"[6, 2]",
Q1pw2zaO,"[7, 12]",
4SFmMwpt,"[3, 9]",
4hqs1fEU,"[4, 1]",
fsUgtu29,"[3, 0]",
0KUksLn3,"[3, 0]",
nHQor1Xd,"[3, 0]",
hhbLCcKc,"[3, 1]",
nFcPBHZ3,"[3, 1]",
f7uIDw5i,"[3, 2]",
MXkx9FJM,"[3, 0]",
Q5dTAykA,"[3, 1]",
hzqawwnS,"[1, 3]",
EqpevJWL,"[3, 0]",
rsiY9e4G,"[3, 1]",
IiTJ1kEK,"[3, 0]",
QyJF0lCT,"[3, 2]",
drSN09TQ,"[3, 2]",
rH5sd8Kp,"[3, 2]",
EyUldTyr,"[1, 3]",
dK9oeSZj,"[3, 0]",
AFVSZZJ3,"[3, 2]",
SjtOzG4c,"[3, 1]",
CESvG8s7,"[3, 0]",
reCbWTRm,"[2, 3]",
OOA0jkJJ,"[3, 2]",
j5RrFSdD,"[3, 1]",
2F94k9YP,"[3, 0]",
MoB2Vmsf,"[3, 1]",
8jsC46Nu,"[3, 0]",
nstG3Qxn,"[2, 3]",
8CEL6jke,"[3, 0]",
jy4Q5A41,"[0, 3]",
2PABTDd8,"[0, 3]",
YHUihqUI,"[3, 1]",
lnOi0L4r,"[3, 0]",
8I3zy5ej,"[0, 3]",
rH7vnVFE,"[25, 26]","[[16, 14], [9, 12]]"
hC8Fw7Nf,"[26, 26]","[[12, 11], [14, 15]]"
CfMMhejf,"[32, 26]","[[18, 15], [14, 11]]"
KvxessRJ,,
O84tGFEF,"[24, 27]","[[10, 13], [14, 14]]"
A50xHea9,"[31, 25]","[[16, 14], [15, 11]]"
G4S9bmqr,"[25, 26]","[[12, 9], [13, 17]]"
8QBISCxD,"[36, 26]","[[17, 14], [19, 12]]"
IyJ5VEhf,"[28, 34]","[[14, 15], [14, 19]]"
AHQxtX8I,"[25, 22]","[[13, 11], [12, 11]]"
YDQmvRWQ,"[29, 31]","[[13, 11], [16, 20]]"
C8VNWAlQ,"[38, 38]","[[21, 20], [17, 18]]"
MN6cGqLq,"[35, 30]","[[17, 15], [18, 15]]"
Gp61F3zj,"[32, 28]","[[18, 13], [14, 15]]"
h69z51aG,"[35, 25]","[[17, 12], [18, 13]]"
dpRKJx98,"[33, 34]","[[15, 17], [18, 17]]"
rNzRcenk,"[24, 20]","[[16, 9], [8, 11]]"
GllYeZG1,"[35, 30]","[[15, 14], [20, 16]]"
fumxegW7,"[40, 38]","[[19, 17], [21, 21]]"
AmVOIdOE,"[26, 29]","[[11, 13], [15, 16]]"
Gp6xk9JN,"[31, 35]","[[13, 20], [18, 15]]"
xf7Ykk4H,"[29, 28]","[[15, 17], [14, 11]]"
CnM8egzt,"[30, 31]","[[13, 20], [17, 11]]"
tSDPiBZ4,"[31, 20]","[[18, 10], [13, 10]]"
8EFHgX4h,"[31, 31]","[[14, 18], [17, 13]]"
jwLCfDkn,"[25, 28]","[[13, 12], [12, 16]]"
n5ELhiKb,"[35, 23]","[[17, 12], [18, 11]]"
2gtLSuKm,"[32, 26]","[[15, 11], [17, 15]]"
zqYXPw46,"[22, 28]","[[10, 15], [12, 13]]"
O8UTQJl0,"[28, 38]","[[15, 23], [13, 15]]"
0bTtQTWI,"[37, 26]","[[19, 13], [18, 13]]"
237PlD9J,"[29, 24]","[[16, 9], [13, 15]]"
G6BTmXOP,"[33, 23]","[[15, 11], [18, 12]]"
0K4Hx7GO,"[32, 29]","[[18, 17], [14, 12]]"
hj3QymTh,"[30, 24]","[[14, 12], [16, 12]]"
E5iZZQc5,"[27, 23]","[[12, 13], [15, 10]]"
zFhVz7ra,"[28, 30]","[[14, 18], [14, 12]]"
MVjwZpDB,"[23, 30]","[[8, 14], [15, 16]]"
GUavG6Rh,"[31, 27]","[[17, 12], [14, 15]]"
nykichZE,"[41, 28]","[[22, 13], [19, 15]]"
MqvEKejM,"[30, 24]","[[13, 12], [17, 12]]"
SMvALyyG,"[28, 30]","[[11, 17], [17, 13]]"
z9NQjEX7,"[27, 31]","[[15, 20], [12, 11]]"
drfIfdYr,"[43, 28]","[[23, 15], [20, 13]]"
UehQhz3e,"[28, 26]","[[12, 13], [16, 13]]"
dIOMifI1,"[29, 28]","[[13, 14], [16, 14]]"
j5gMgGmk,"[27, 26]","[[19, 15], [8, 11]]"
lCB8FcA8,"[28, 33]","[[15, 17], [13, 16]]"
nJZfeo1G,"[28, 34]","[[14, 16], [14, 18]]"
UyUUlqvp,"[30, 40]","[[17, 17], [13, 23]]"
8YN3gPVS,"[31, 32]","[[14, 15], [17, 17]]"
Q9Ybf5GM,"[35, 43]","[[18, 22], [17, 21]]"
ObTYm3gj,"[33, 27]","[[16, 14], [17, 13]]"
2kSxmN8d,"[37, 29]","[[18, 14], [19, 15]]"
WGWxooRo,"[21, 47]","[[6, 22], [15, 25]]"
4QKOq2oG,"[29, 27]","[[17, 15], [12, 12]]"
UBhfM1lo,"[27, 18]","[[14, 9], [13, 9]]"
nkQJprW9,"[43, 19]","[[24, 9], [19, 10]]"
xKSS3aO8,"[28, 36]","[[12, 19], [16, 17]]"
rLoxsxHe,"[28, 34]","[[14, 20], [14, 14]]"
OSMIquqL,"[23, 24]","[[13, 12], [10, 12]]"
b51tvwy3,"[29, 30]","[[16, 15], [13, 15]]"
dYAKAvak,"[29, 31]","[[15, 14], [14, 17]]"
6J26SL7o,"[28, 22]","[[13, 13], [15, 9]]"
txeJPJi4,"[41, 27]","[[20, 15], [21, 12]]"
Mgqlj9Pr,"[39, 36]","[[19, 20], [20, 16]]"
d2zZr3tq,"[20, 35]","[[10, 19], [10, 16]]"
ML5ItxEf,"[23, 22]","[[13, 11], [10, 11]]"
0C4MudT0,"[37, 28]","[[16, 10], [21, 18]]"
KK7cKl1N,"[30, 34]","[[14, 20], [16, 14]]"
hzT1l8B7,"[22, 28]","[[12, 15], [10, 13]]"
8rBlCB3E,"[27, 26]","[[14, 13], [13, 13]]"
EqUckld1,"[21, 23]","[[12, 9], [9, 14]]"
UiCpDil8,"[41, 31]","[[21, 14], [20, 17]]"
25AhBVIK,"[37, 29]","[[21, 10], [16, 19]]"
2ae99pZq,"[32, 30]","[[15, 12], [17, 18]]"
xIBUGStA,"[26, 26]","[[11, 11], [15, 15]]"
QHvM22GA,"[31, 28]","[[19, 11], [12, 17]]"
48wQ1MVG,"[27, 32]","[[16, 12], [11, 20]]"
80MSHAxE,"[20, 50]","[[10, 25], [10, 25]]"
Y7iahV7f,"[29, 23]","[[16, 11], [13, 12]]"
IegBkTiD,"[31, 35]","[[19, 18], [12, 17]]"
GWdfgBhl,"[30, 25]","[[16, 11], [14, 14]]"
IqsW3SPe,"[33, 28]","[[15, 12], [18, 16]]"
bsRU5leq,"[34, 32]","[[18, 17], [16, 15]]"
4EWzKfC0,"[24, 22]","[[15, 10], [9, 12]]"
U9NHRAOl,"[34, 31]","[[13, 14], [21, 17]]"
zmODSj9r,"[26, 26]","[[11, 11], [15, 15]]"
Y7NnPiHK,"[31, 40]","[[9, 19], [22, 21]]"
4USiaN9B,"[29, 22]","[[17, 10], [12, 12]]"
rLRebsPH,"[25, 23]","[[11, 9], [14, 14]]"
xrRac1vO,"[31, 20]","[[11, 10], [20, 10]]"
b9gNv5oB,"[20, 27]","[[8, 8], [12, 19]]"
joV3dLgU,"[20, 30]","[[7, 16], [13, 14]]"
6oBuv2Vt,"[36, 17]","[[22, 9], [14, 8]]"
YZ3xRgpF,"[30, 33]","[[13, 16], [17, 17]]"
WpG4HDGK,"[33, 27]","[[16, 13], [17, 14]]"
